Date,BETA0,BETA1,BETA2,BETA3,TAU1,TAU2
2022-01-03,2.53133728141205,-2.59785864487459,154.173534310698,-153.627987666425,3.4206871993532,3.444853918205
2022-01-04,2.61190872693022,-2.67661888909215,135.270719618939,-134.783660642229,3.52663186889666,3.55237204015097
2022-01-05,2.60569571706065,-2.68948491916518,155.557404023246,-154.975683000997,3.28816314306085,3.31176373283906
2022-01-06,2.5578319697394,-2.63303098253393,167.085178549301,-166.353712339881,3.16480469223382,3.18658304617893
2022-01-07,2.55105349582071,-2.60579983464221,122.831636011416,-121.926827536781,3.30261979373074,3.32883164569071
2022-01-10,2.55235727539966,-2.61918235111426,162.391662449183,-161.43123772783,3.22191270815291,3.24441263573019
2022-01-11,2.51201061683836,-2.56533367472471,136.492358642795,-135.574219283085,3.17454919520858,3.19950093223183
2022-01-12,2.52697071907252,-2.59063941417385,156.625776335087,-155.8638171254,2.97894216789401,3.00008809552153
2022-01-13,2.48823181774654,-2.5196055045425,140.523167982391,-139.836993647083,3.02294415168621,3.04530530522124
2022-01-14,2.55780903758838,-2.58509466379149,135.968715951863,-135.248696201429,2.81594010723971,2.83888436099939
2022-01-18,2.59278669700288,-2.60058671571417,170.035499575273,-169.036770422316,2.90991645438872,2.92885102761798
2022-01-19,2.54535280544052,-2.55353534593942,149.831778560087,-148.863573696453,2.87039493514701,2.89150613455769
2022-01-20,2.53291350573052,-2.54687196200025,155.853595044199,-154.974665126903,2.68337210908206,2.70253969528876
2022-01-21,2.47772056398595,-2.46123200841313,157.148472055778,-156.379330794521,2.82029325959029,2.84001815290072
2022-01-24,2.53185569555056,-2.46719058052833,140.673756063007,-140.028441028114,2.99865471494016,3.01952055174845
2022-01-25,2.55436512558752,-2.48326831722794,145.486234026169,-144.810830658117,2.9403016471653,2.96148945801638
2022-01-26,2.56805802796862,-2.5382934340285,169.656958368048,-168.755468790282,2.6859839902194,2.70558522934253
2022-01-27,2.47848186478466,-2.43991706507131,168.133044151942,-167.174209335916,2.50547750148006,2.52605704599208
2022-01-28,2.47382576983195,-2.3677723976988,162.972994798236,-162.25102980924,2.53429140611666,2.55478929727576
2022-01-31,2.51305879196888,-2.36559235244228,152.443827084283,-151.870082970343,2.47614901664723,2.49678082459974
2022-02-01,2.54583903536456,-2.40130114608821,155.408218029826,-154.814015108523,2.54358579984625,2.56524430970651
2022-02-02,2.56785078631752,-2.43934779628858,177.993213040699,-177.463284511775,2.58960906663905,2.61068069469401
2022-02-03,2.57895182456534,-2.44087667113593,184.387525092199,-183.748611529219,2.57838250825124,2.59819349694465
2022-02-04,2.66261955989303,-2.41552685540836,162.638508791574,-161.893786476149,2.59953592551361,2.62331838390812
2022-02-07,2.6324289137293,-2.44433156761465,183.986680307499,-183.214267251894,2.46526965966996,2.48511061009774
2022-02-08,2.6512636422682,-2.47136515823239,157.207669741221,-156.332543279898,2.39142936576176,2.41457263394669
2022-02-09,2.68714976775435,-2.53402678206339,186.748762359817,-185.851798805259,2.40195800733549,2.42439291938084
2022-02-10,2.71180508165128,-2.46523459526047,190.902751424823,-189.68847600807,2.23214744805833,2.25632707242096
2022-02-11,2.70590604256464,-2.42605539238448,209.261825696464,-208.454425898004,2.28082096193589,2.30368612945749
2022-02-14,2.71265763438955,-2.42405107809975,19.3539649361818,-18.4947516547618,2.03186756871154,2.27010261033829
2022-02-15,2.79063311866504,-2.57220930799573,8.60007852904527,-7.89967636419107,1.86548595305808,2.39515801192253
2022-02-16,2.76560065365509,-2.53352227260345,51.740997037712,-50.8949646244611,2.09083668933273,2.16993198370727
2022-02-17,2.77308526917521,-2.5587113846816,166.261028391859,-165.510422231837,2.17236477219358,2.19945086661384
2022-02-18,2.69269918330592,-2.49452426249137,79.2858366430468,-78.4931446907733,2.09501417593435,2.15066636088998
2022-02-22,2.68485813815032,-2.46756191031353,63.5787056993591,-62.6537367664426,2.06719097628554,2.14119920132715
2022-02-23,2.73836539322885,-2.59221985351527,9.45020417443131,-8.66401638887297,1.81857716380913,2.34882751803477
2022-02-24,2.74937343411175,-2.66265745122959,39.1751470695455,-38.271914671634,1.95452901007209,2.0754415069711
2022-02-25,2.77039944050516,-2.59858023169028,149.096533139767,-148.176282561043,2.06754401551561,2.10009930124921
2022-02-28,2.69733804009721,-2.45347296632287,243.678515935557,-243.183959104105,2.22604016445992,2.24686597922435
2022-03-01,2.70954990001496,-2.51576507534163,235.733647323335,-235.671059390006,2.23494930000277,2.25809936155022
2022-03-02,2.85079316151752,-2.77139560440484,2.98108473132292,-3.58769679712972,1.35072453101005,3.24854531069874
2022-03-03,2.86072719267904,-2.80624012190142,4.17519038411845,-4.50586801899798,1.46306891163363,2.97566928086941
2022-03-04,2.84138505501875,-2.77654192729927,5.35549016773533,-5.7916684967274,1.58703745236694,2.94479549746498
2022-03-07,2.90395589677861,-2.8568036412475,3.98195266405692,-4.61089316489549,1.44996687929841,3.33081316825512
2022-03-08,2.86908365354313,-2.85595225647457,5.36629465948717,-5.29210294230325,1.53559101294669,2.96214216247855
2022-03-09,2.91558395273299,-2.87019785834782,5.11814093484334,-4.99720305485389,1.54036124648832,3.03299031205737
2022-03-10,3.0822203523959,-3.02392103195869,4.35849260050006,-4.63264474116886,1.5059558553342,3.40555870074632
2022-03-11,3.01404777680773,-2.89946257544027,5.32673585688884,-5.18195978486901,1.63053075416026,3.19017614757922
2022-03-14,3.08913078804362,-3.02838289874248,4.01094746652387,-3.81592534358694,1.41156026474623,3.4377213380248
2022-03-15,3.11530832744146,-2.9941545231993,4.59287808405575,-4.33849195433263,1.54104540940531,3.33256723033766
2022-03-16,2.98318510836902,-2.92208366329178,4.4861898503003,-3.64633753987976,1.42378152896391,3.26118459266337
2022-03-17,3.04056540345363,-3.09270292646868,4.76053920980406,-3.9036135014288,1.39461851455442,3.13217428142062
2022-03-18,2.93927621177121,-3.00799993439895,5.38319158271423,-4.24116739358596,1.38662859361781,3.00059276710306
2022-03-21,3.00836996479518,-3.15042783061152,5.51538565233967,-3.78542504797509,1.3275867843405,2.95887430213252
2022-03-22,3.04455903160692,-3.12837339951732,4.82345530862484,-3.19719095325098,1.28063714939562,3.1450333059051
2022-03-23,2.94199419996991,-3.03851840975304,4.17763465534762,-2.62977280318409,1.18827428083058,3.26182250638832
2022-03-24,2.88958937027932,-2.97034784964218,4.09340432961795,-2.34531528205035,1.18388750507251,3.26816671841622
2022-03-25,3.54501912932961,-2.25963240612673,-4.72396419285321,-2.84668575288536,0.255352356608083,7.69807086262907
2022-03-28,2.88360550753731,-2.89900632023719,5.31382638099596,-2.71354325881091,1.28404195542558,2.94760778893696
2022-03-29,2.87857570891163,-2.84797123040395,7.01045570326458,-4.32809193076048,1.41495283983766,2.61192034809109
2022-03-30,2.81846269651011,-2.73919214591624,9.40639055710683,-6.62553553681658,1.54076207042253,2.33749213207172
2022-03-31,2.78353462625043,-2.64300082536297,8.67274101709036,-6.03537515846333,1.55102048640277,2.41820009891741
2022-04-01,2.72719741852708,-2.6529760059427,9.33100660840407,-5.95251089244174,1.54515534558777,2.43110902501255
2022-04-04,2.76751320768952,-2.62574145858025,15.6540222481403,-12.2424081544736,1.68486745918154,2.11462841527178
2022-04-05,2.82956740285793,-2.68754168813387,7.19853064725411,-3.91037335998904,1.45505383634182,2.53237091293824
2022-04-06,2.86814028308853,-2.7236755290873,6.36137006260941,-3.22015790069245,1.36011532306972,2.37281240969228
2022-04-07,2.92368185574892,-2.81201861932231,5.87173813842335,-2.89938471074157,1.29269121769507,2.20164796529359
2022-04-08,3.00396258115619,-2.85757200790663,12.4527127224744,-9.12168673677664,1.47071001274595,1.82433559564538
2022-04-11,3.10108959128154,-2.7862088257494,9.82645139007061,-6.9672399068428,1.50423194081232,1.94828382744645
2022-04-12,3.14209260755699,-2.79148914319805,10.4667934820168,-8.20580128118481,1.50607176883095,1.89805497544172
2022-04-13,3.13467670182201,-2.78868864993221,8.11082835793776,-5.92906249879549,1.50224481041084,2.06880899635448
2022-04-14,3.23909192334634,-2.92313338316206,4.21376456716101,-2.26450264676753,1.241128860353,2.48395272726412
2022-04-18,3.26746598345438,-2.95234866626651,4.29663096477929,-2.42587017230652,1.21833118972332,2.28712680516289
2022-04-19,3.30386138233703,-3.09597556059168,5.15437544376387,-2.71125887707897,1.23050550142756,2.2376998213187
2022-04-20,3.16597766108688,-2.94603480048464,4.18516819247644,-1.74246364110022,1.15090011441616,2.59405591000313
2022-04-21,3.20403782674889,-2.99221690651463,3.75498486618547,-1.25540990196261,1.07611685215251,3.08791244425323
2022-04-22,3.24454812073736,-2.95473311187641,4.0985165296373,-1.69749998789942,1.10390531427803,2.79200898168311
2022-04-25,3.2104726087238,-2.76741342456403,4.29812177254484,-2.19997641687675,1.21277506022296,2.79093111053135
2022-04-26,3.22941004322175,-2.66876978093925,3.68529995122626,-2.08784744531411,1.23522417693513,3.0892452709554
2022-04-27,3.27478551122844,-2.79784876605145,3.63028275094698,-1.98895208606686,1.17067457736245,3.03902301922571
2022-04-28,3.26196072284458,-2.79672980143862,3.39623537116149,-1.63159529263866,1.11544648193158,3.27414197812735
2022-04-29,3.2990752273588,-2.84808717146365,3.38817024964552,-1.52652447967734,1.06105991558359,3.34978755196816
2022-05-02,3.44594598945708,-2.95310271689065,3.08551354206457,-1.48776102394571,1.07286293632127,3.70425694599159
2022-05-03,3.39101073801863,-2.9390857686913,3.0461624346702,-1.32969657638841,0.997815773206134,4.07235504313073
2022-05-04,3.41051001789888,-3.02299350484564,2.69167882667403,-1.38726427265582,0.940814103481971,3.742844402154
2022-05-05,3.58072580311132,-3.31370835560403,2.28634249252904,-1.33592524886594,0.827430506532707,3.77624271836175
2022-05-06,3.69180465350743,-3.62167692609293,1.5980217449536,-1.24331487281301,0.662732214461428,4.20405005814271
2022-05-09,3.73445112910935,-3.5231955603056,-6.00237340055503e-05,-1.52148730294147,0.491560188255488,4.36516714566199
2022-05-10,3.62921902148883,-3.33981458913563,1.72914858120619,-1.59194696118105,0.764610761502936,4.10617990773598
2022-05-11,3.53119538005108,-3.23001287332777,2.26031564637754,-1.62292233547565,0.825308453584538,3.8375667313712
2022-05-12,3.51902178511553,-2.95189270423317,2.92018630252454,-2.24108289134127,1.09299834662866,3.2513974874408
2022-05-13,3.65863231200258,-3.09720951628816,2.21214098338429,-1.99274062397348,0.960087158130638,3.69131661730949
2022-05-16,3.69388733778364,-3.02008178876904,2.48732576183524,-2.48374709393023,1.05347446762851,3.50205324601826
2022-05-17,3.78491814873097,-3.22646242870415,2.68599587325273,-2.41620179058446,1.01863101076185,3.87155156695749
2022-05-18,3.65987912583945,-3.0476331213488,2.89025548668706,-2.45219782660708,1.08503097760282,3.89004546997878
2022-05-19,3.64138904963978,-2.99062707921134,3.22348794786534,-2.76097749493651,1.17115719986241,3.51585036428608
2022-05-20,3.62381446174818,-3.04762427335186,2.57303612313516,-2.50251108168095,1.0379960499484,4.04650966010846
2022-05-23,3.68341351950839,-2.95528944373288,3.68118440700694,-3.08844967168931,1.31272481143083,3.42150139006069
2022-05-24,3.56596848822966,-2.6340104620563,139.113942174894,-137.763883334431,2.21169914456067,2.25667695827319
2022-05-25,3.51649018239134,-2.65239388301508,5.59719843754192,-4.84237919552947,1.60967118546136,2.7111218674119
2022-05-26,3.58064394202165,-2.68622140748866,127.666497067289,-126.441197374408,2.12851469271838,2.17555614166079
2022-05-27,3.60480438741802,-2.55663530612619,354.919084649405,-353.883002491608,2.32253897228654,2.34046143058081
2022-05-31,3.70500329964339,-2.5902424624729,268.299529448284,-267.262283459372,2.34606274728325,2.36897934340565
2022-06-01,3.63508201829976,-2.53703504400856,110.557521772864,-108.99034825539,2.21752716230624,2.27010066485842
2022-06-02,3.66432608594143,-2.46987971869346,226.393493510715,-225.057869379385,2.31752974925705,2.34425658298348
2022-06-03,3.6817723412323,-2.49165464248224,228.738288840549,-227.328961029101,2.27871558517362,2.30469772801358
2022-06-06,3.72579937662933,-2.53789400555405,121.339721166636,-119.767615534027,2.18786856717823,2.23370690052939
2022-06-07,3.66363494644337,-2.53410558575912,4.15811375280684,-3.30903699659868,1.5201756691198,3.10316866361703
2022-06-08,3.70513865746548,-2.45811586779718,6.10201464709423,-5.08965205456334,1.72942940525643,2.71173718169698
2022-06-09,3.68513645227203,-2.40151559721454,7.13145473934305,-5.92449050236587,1.78918466427309,2.65430196908736
2022-06-10,3.63710331737563,-2.40854662327574,3.02692254082725,-1.70302216370761,1.16297988524694,3.82095261369092
2022-06-13,3.79293496920612,-2.63484973706834,3.28102142567278,-1.2423999114885,0.988286225632577,4.28091026409424
2022-06-14,4.1596310750831,-3.44332852385352,9.15504656094554e-05,-1.75991234355621,0.294103812806302,8.58824318765171
2022-06-15,3.83796433344547,-3.31900497368589,0.000106078214624253,-1.1237797438989,0.251236777298721,4.9583603269242
2022-06-16,3.8534972527913,-1.70639134201143,210.163963084217,-209.157820392423,2.45998566157226,2.4860603268711
2022-06-17,4.02370615844818,-2.52372673890285,9.74869992155305e-06,-1.98570534156662,0.432069920899864,6.63709244804173
2022-06-21,3.94173529390415,-2.45985754513147,3.21936196256184e-05,-1.49418884134005,0.38405242550755,5.51240028801041
2022-06-22,3.80101911347733,-2.06716015355499,-5.12934588810191e-05,-1.54106982206472,0.454640739221587,5.45527739334227
2022-06-23,3.75636344605305,-1.98773040198248,1.34230514963066e-05,-1.65242579156185,0.438101851783151,4.76975574394633
2022-06-24,3.82834012507534,-1.8995770431368,-0.000107140252851762,-1.75194122114572,0.491038229229056,4.5722723679879
2022-06-27,3.86691739034535,-1.92900919601774,-6.06732396251059e-05,-1.66136053712033,0.47719242478867,4.83998139589914
2022-06-28,3.78375425579606,-2.14059426826691,1.05681093924708e-05,-1.42604502656657,0.359671494811797,4.54893315768556
2022-06-29,3.67545556467023,-2.10387052342168,4.48980257985111e-05,-1.42874043790375,0.305555801852479,4.18016141687976
2022-06-30,3.52532052251814,-4.78931083496245,0.098002937794276,-1.46794561093336,0.10000538281766,3.12068631091264
2022-07-01,3.74749623041371,-1.19569862105938,92.7629698285345,-93.8090045525651,2.5010932335267,2.5463347429955
2022-07-05,3.57256949769789,-2.807434576606,-0.00524062979675047,-2.24256479828196,0.166668227761395,3.17914147523395
2022-07-06,3.73162318293629,-9.48398530860338,4.05284057535444,-2.31004267423388,0.100015860007598,3.7061592261232
2022-07-07,3.74256102613732,-5.52290007880626,0.0826768865034,-2.07540493365116,0.100002196360874,3.77808850176997
2022-07-08,3.8139366408303,-7.17253075724812,3.36045193086218,-2.04091887327552,0.137928317091415,3.7881139766817
2022-07-11,3.76571786092507,-3.19995313048809,0.00467992850230695,-2.19544900165248,0.162435832802091,4.07982871516005
2022-07-12,3.72442987876021,-4.80095516054941,0.0636091166148928,-2.22819432455157,0.10000996081093,4.14018070542326
2022-07-13,3.81410742304418,-4.82279208878629,0.572561541806929,-2.64512277433349,0.100112023119086,4.73170085434473
2022-07-14,3.78460246862877,-4.67695604520487,0.248333475332525,-2.37458927291741,0.100029263045835,4.8150666887322
2022-07-15,3.81890962284565,-2.31263931680285,1.14405762541655e-05,-2.55070228990732,0.21074450825108,4.93285789309263
2022-07-18,3.8965267844297,-1.99020279786523,5.41782415124075e-05,-2.71713030724243,0.273132926152978,4.74612294574145
2022-07-19,3.97529877312985,-1.92826184320495,3.10356071961666e-05,-2.78955292157964,0.313153181822831,5.15226304959091
2022-07-20,4.00045401826895,-1.74688919809766,-1.2542420383355e-05,-2.76759536371486,0.373978115839396,5.46890838948489
2022-07-21,3.76427167355532,-0.911462585590298,219.774880145566,-220.910182125707,2.70181186275197,2.72690213812836
2022-07-22,3.75569019667037,-0.888801041465103,260.662689862625,-262.303691749062,2.85761688648402,2.87892793783872
2022-07-25,3.79207870810006,-0.912845934477208,223.481972033727,-225.080408044053,2.7285002208479,2.75353129943109
2022-07-26,3.79920902740846,-0.953933674269261,267.954832529076,-269.462927666538,2.68269526990899,2.70570026587687
2022-07-27,3.85753877053766,-1.00085066184182,328.631013235868,-330.503700542424,2.77212329525913,2.79053385683042
2022-07-28,3.98061852640571,-1.11208355046777,307.367274560315,-309.954247953627,2.91558031326173,2.93631374104516
2022-07-29,3.9816085403974,-1.07918873601374,369.349356312957,-371.974240904899,2.99427457542432,3.01215424688463
2022-08-01,3.82905551144925,-0.930757557711894,327.090724548668,-329.553655109058,2.83525587398613,2.85545159466837
2022-08-02,3.82886688844923,-0.994773079410901,310.952566778241,-312.614192796907,2.67446812164748,2.69763022768807
2022-08-03,3.75538077247514,-0.883712172874842,360.587716010034,-362.161101951254,2.67020196669291,2.69005674285044
2022-08-04,3.85159767675139,-0.937546032610026,404.838838509981,-406.979049135932,2.74906716907519,2.76706949782335
2022-08-05,3.84656644977192,-0.949930791095936,256.614668341788,-257.921939416472,2.51264148036885,2.54250753663709
2022-08-08,3.76694529151086,-0.851741760845754,249.105823299532,-250.467008739402,2.49865216513221,2.52882623866756
2022-08-09,3.80552690715392,-0.87709547357384,363.922862800396,-365.223025445302,2.57501182055967,2.59708699371012
2022-08-10,3.8668506370558,-0.989998175182837,386.578174121618,-388.016641641082,2.50189941744886,2.52235489617371
2022-08-11,4.03719153321761,-1.14666439392381,334.268405376814,-335.919125518364,2.57317280644573,2.59654594048685
2022-08-12,3.99537159531601,-1.16311254990365,326.828240812721,-328.29223823092,2.51289360124581,2.53827684272888
2022-08-15,4.03696056095279,-1.16650739861969,467.240443071592,-469.08297507134,2.62389426092977,2.64216692768852
2022-08-16,4.00205033697253,-1.18279916696251,379.92733036264,-381.437982091287,2.55451556626939,2.57742734057355
2022-08-17,4.07152799410161,-1.24474092985899,458.109628250117,-459.512561565587,2.66111933588026,2.68097225129911
2022-08-18,4.11725271762043,-1.2581137490442,509.380704143357,-511.071350364724,2.81719303319693,2.83517956023504
2022-08-19,4.15030158956536,-1.28254291311643,484.61785076794,-486.095782492876,2.76687555098399,2.78413715459249
2022-08-22,4.13087061060717,-1.23565669665938,476.554878556097,-477.807876925684,2.74794338881367,2.76535941973697
2022-08-23,4.11632060699459,-1.22370044379241,461.472430539825,-462.685883606443,2.77847650113362,2.79541623976856
2022-08-24,4.14037288450398,-1.25605866786374,453.851831621315,-454.846122899851,2.63917093477297,2.65605177704275
2022-08-25,4.08756457759866,-1.18475676816241,469.371899333436,-470.490088452298,2.66984597248808,2.6870693591581
2022-08-26,3.97694527265867,-1.02456842119529,449.495349849156,-450.365531764436,2.69044912818592,2.70725400935464
2022-08-29,3.99123553860333,-0.988007912353709,461.435958371436,-462.223357742361,2.71370216759891,2.72898237854074
2022-08-30,3.90477074536227,-0.882223250158389,384.156385569653,-384.735830475731,2.59842426590087,2.61592095791483
2022-08-31,3.96919016008399,-0.836601244422863,340.042204876572,-340.9221283259,2.74467222508117,2.7633277490871
2022-09-01,4.04505761369646,-0.897347249695085,314.80671541353,-315.513631561576,2.68433432453773,2.70315805175094
2022-09-02,4.08706911117002,-0.870200232918025,312.870070673681,-314.110854170573,2.90643780883304,2.92437214417647
2022-09-06,4.21327396194486,-0.974667565095335,298.826611180496,-299.910586979811,2.86035927211455,2.8797835718275
2022-09-07,4.13221397877372,-0.84825166597682,303.490855724887,-304.715723421932,2.87305938050719,2.8910102204962
2022-09-08,4.18136161525949,-0.895635035143956,319.601670147389,-320.801036030072,2.80959109933482,2.82817956415732
2022-09-09,4.16555919141226,-0.798491877994812,350.404669168745,-351.510985540584,2.7306254009347,2.74741648388386
2022-09-12,4.25125871218209,-0.820309289359697,305.134977464721,-306.452270399874,2.78376311255002,2.80248781198616
2022-09-13,4.1325311721141,-0.483330087369049,249.569929179392,-250.639461221969,2.72637117177024,2.74854195681383
2022-09-14,4.08033432141893,-0.366816601699076,232.044037325106,-233.063631181882,2.6885544096118,2.71232984901774
2022-09-15,3.99419528928074,-0.267128237809636,212.765761710993,-213.353597406888,2.50815961798885,2.53156021663881
2022-09-16,4.05469624204517,-0.333362961625836,123.132541586248,-123.851950260058,2.31879414384896,2.35873650045938
2022-09-19,3.99328308252039,-0.229340976327557,97.1695348721903,-97.5856211132133,2.28995661418809,2.3399028102154
2022-09-20,4.47910370052264,-21.8586836379374,19.4998149135676,-2.8395345342161,0.103004823589318,6.31326633684175
2022-09-21,3.95249695554393,-0.385849953822994,2.1948248905577,-2.06053896292205,1.07111470958426,4.10038864315414
2022-09-22,4.02436467299167,-0.571246865362697,2.28137583121274,-1.59336830771161,1.04365422515945,4.11631153818906
2022-09-23,3.99182524507271,-0.301584592760684,161.659073299006,-160.946352692972,2.26150780333119,2.29563106112206
2022-09-26,3.9639712991828,-0.272193821913219,123.274403899686,-121.855017000368,2.14499093356625,2.17902439895592
2022-09-27,4.1753754792056,-0.417623893507622,127.513187245151,-126.47984996078,2.21973079120417,2.25359552795763
2022-09-28,4.10789097258418,-0.256251856424683,190.4829676422,-190.460683439116,2.261468411136,2.28365257454408
2022-09-29,4.06392072985301,-0.265046357028335,85.0240423909872,-84.5313507305051,2.08143112200368,2.12874623890188
2022-09-30,4.16041527018538,-0.335922832739662,5.20452755303816,-4.77657558122019,1.78279279222622,2.65918949660418
2022-10-03,4.25915919238567,-0.331908162645816,230.059856523618,-230.564456313364,2.41642005448746,2.44040150835165
2022-10-04,4.23773699880906,-0.318329511858593,168.609392325713,-169.18677336173,2.31614361506458,2.34942724700506
2022-10-05,4.67135348551813,-3.38807806614613,2.52214386796833,-2.80857647423305,0.232319256369094,6.3378562300538
2022-10-06,4.64409264858163,-2.31147401619532,2.10585562440998,-2.56636607245405,0.354175639745626,6.77826557222604
2022-10-07,4.2678601649943,-0.362166672842117,2129.46671205106,-2129.09695142232,2.28009699054913,2.28243426498684
2022-10-11,4.75806064137704,-2.77305517654534,2.14615671120807,-2.54594740540643,0.279793227386662,6.79014272320594
2022-10-12,4.73734683621618,-2.15734407631767,1.73683327132293,-2.55956667795315,0.337632699277185,6.58180568400784
2022-10-13,4.95948879125529,-2.26511266218745,2.0270378201211,-3.15970514563919,0.412009970335545,6.74344189186409
2022-10-14,4.96472168276057,-2.17909762537857,1.97703833002984,-3.07496017700431,0.416434360985563,6.94765560566323
2022-10-17,4.95509700515839,-2.01955462134689,1.56855201729207,-2.93627412389888,0.381825061905503,6.5881576748305
2022-10-18,4.98429409606245,-2.04124838168477,1.35393688478835,-3.09180994682864,0.344825468214705,6.42863764414242
2022-10-19,4.61860012860053,-0.561573775262716,2.38497084721268,-2.42530233041576,1.29068599172711,3.88007196468221
2022-10-20,4.65741199367471,-0.551093988939148,8.17103464230287,-7.8456142673813,1.97172042964155,2.6405023689855
2022-10-21,4.83746768932721,-0.605314363962009,209.489920586324,-210.049312879749,2.23700257195132,2.25893356061251
2022-10-24,4.90610155050761,-0.646072877103279,144.94271717346,-145.604690389394,2.17041403059887,2.20062227557753
2022-10-25,5.05615261107067,-0.569079313842815,2426.85361844374,-2428.77968050689,3.38996562800388,3.39249547571883
2022-10-26,4.67964927955329,-0.387084073093603,200.473505688443,-201.246523812173,2.21322224137767,2.23632891255907
2022-10-27,0.00320488661659348,4.62906467520188,-609.886640580198,617.053200654724,11.9176959323096,12.0558311510848
2022-10-28,4.72769119099127,-0.901162852672194,1.5359976382295,-2.22112558091061,0.550633895695157,4.16099624257561
2022-10-31,4.80033523803476,-0.746308561606903,1.28060300813334,-2.21039387263443,0.543203001406257,4.30168894839024
2022-11-01,1.07113146283077e-06,4.84424687997808,-158.062025254782,165.065996363028,11.9617302137456,12.4770157061008
2022-11-02,4.34415456720216e-14,4.41495884726329,4.83549407830614,12.5708173835688,1.5391323643532,14.5776540259325
2022-11-03,1.40626511903603,2.76959880414092,4.84156440124736,8.55147336145045,1.20413331844975,14.2760191747441
2022-11-04,2.02390827990622,2.09948334710551,4.3195993117963,7.20054642298476,1.05635628729285,14.8907532940231
2022-11-07,2.24481149747922,1.77894588926883,4.49706060759186,6.7537863975422,0.985908686267202,14.9715357125059
2022-11-08,2.74187917572347,1.1007426775813,4.36100130857861,5.17594218713836,0.846262113289514,17.181006337986
2022-11-09,2.86087883842964,1.04122695770198,4.01012203945681,4.98359011712562,0.795767364188572,17.5622883807422
2022-11-10,0.000731764867535515,4.80446337993332,-672.830978758038,679.3700799226,10.3878003733369,10.5164599691394
2022-11-14,2.41128917524504e-05,4.88551093604983,-47.153290873866,54.0867387666845,9.70626641399413,11.4620724087331
2022-11-15,4.76212795466702e-05,4.88106388016878,-38.5545525669076,45.2480398198216,9.09123509715797,11.1097737223969
2022-11-16,2.01323735734257e-06,4.92296348078585,-76.6614264455766,82.5430126260104,9.4398419647332,10.5112385810339
2022-11-17,0.000162444673377536,4.95189952598234,-141.540693831659,147.478974063764,10.1501746435038,10.7518639479737
2022-11-18,0.00253930865917752,4.98971308532316,-643.451528824368,649.362831360623,10.8012733746034,10.9418141574198
2022-11-21,2.82157905942201,0.84437942845909,4.69334917569166,4.21044102200949,0.684381137920381,22.5404558490431
2022-11-22,0.000116900372215477,5.03190044129647,-120.921186007483,126.596129097871,10.5027753301217,11.233776130423
2022-11-23,0.00010472199764338,5.05554977149552,-58.2908503072572,63.7788747258285,9.74837372194063,11.1509565936285
2022-11-25,0.000239608792247023,5.06304149220817,-43.4781753614311,49.0575141606431,9.3229637990957,11.183057992997
2022-11-28,0.000213221687349389,5.06896468684412,-39.2756358167909,44.8555635794927,9.19153987092401,11.175166209828
2022-11-29,0.000162444779211418,5.05677504502747,-96.866912644585,102.392532050863,9.80549286641653,10.6472046063737
2022-11-30,0.000122743961926886,5.06257906620658,-30.0300085739232,35.8741954120316,8.22259582786105,10.68937177301
2022-12-01,0.000313200292157203,5.04395997643018,-28.4204777908851,33.7506378612762,7.53984653578378,9.93972658741486
2022-12-02,0.000132665388962097,5.08624350723026,-18.1614117726559,23.6087503341532,6.91723647512944,10.3538887521224
2022-12-05,0.000111075909902149,5.08771532782567,-56.8823108883712,61.8397997021214,8.67978092759819,9.9381638268185
2022-12-06,5.907450278762e-05,5.07829810116442,-31.4996606971501,36.4156493180189,8.08846946785334,10.2544400300508
2022-12-07,0.000174999901635497,5.04868061736268,-26.6530150327241,31.3506217894561,7.54270353498849,9.93646138502623
2022-12-08,8.20801149329807e-07,5.044373718625,-87.9752825879431,92.3477756020598,8.41527509442359,9.15850214414412
2022-12-09,3.5378966792101e-05,5.04553362963553,-27.1435824519246,32.3476691367434,7.76502234881479,10.1272286098042
2022-12-12,0.000182713182004644,5.07476308893669,-36.9725862024598,41.9925010495627,8.21954997322417,10.0092211949789
2022-12-13,0.000166328821521903,4.98059755861036,-31.0575485682436,36.0218931072986,7.83990279566848,9.95635220173611
2022-12-14,2.51172893076449e-05,5.00090418944984,-24.0438426964162,29.1129328940338,7.47393631548967,10.1447199571931
2022-12-15,1.17863565954194e-05,5.00623524753724,-31.6154489018734,36.3426430276468,7.95232475678149,10.1031156664281
2022-12-16,8.90808970047596e-06,4.95630648683331,-125.215787071191,129.741654211539,8.29801876623027,8.843344656205
2022-12-19,1.45252214230543e-06,4.94307915940041,-95.4197723339013,100.331733809117,8.59370048334244,9.32628181209778
2022-12-20,6.90044392471658e-05,4.908768684624,-19.4233916217432,25.5492422576085,7.52387995277863,10.729182313442
2022-12-21,5.91663621878426e-05,4.88384747317029,-4.79884410269543,12.8416728833118,5.38845553475621,14.0225181370832
2022-12-22,3.3127519906364e-07,4.88726603575869,-68.3899108844751,73.8428890848061,8.6879235482312,9.70037958377072
2022-12-23,3.94177672231855e-06,4.91854717279758,-43.4784160054541,49.3441773925655,8.57722841835871,10.1832693599919
2022-12-27,5.81798239570558e-05,4.9431159299435,-31.5119464060558,37.8706140431892,8.54079056590708,10.7482233847378
2022-12-28,5.0242626722323e-05,4.92909206841309,-22.068383107875,28.8177895354023,8.14479149757671,11.1418896174575
2022-12-29,0.000255554496323924,4.97406520817252,-26.9642223499978,33.3403911246245,8.24318291122889,10.7586109436936
2022-12-30,3.95812666292673e-06,5.05669120514791,-169.651342441383,175.470340786573,9.10233964222207,9.54062325103228
2023-01-03,4.34530929274571e-05,5.03137511821461,-125.872906925423,131.460221941076,9.18725003959132,9.78765229581569
2023-01-04,9.03843032632e-05,5.04261924942678,-38.2613440066158,43.8688083190811,8.44178038901266,10.3440886833052
2023-01-05,9.12945492902424e-05,5.10238114264275,-43.5247758684029,48.9455467835007,8.76027609969286,10.4643949678791
2023-01-06,1.68011111975014e-05,5.13541913867357,-2.70721692778637,11.5463292554295,4.01910475356749,15.7180959693929
2023-01-09,6.12254373930042e-05,5.13958914857555,-0.517799552161067,11.1742307393814,2.88949567961189,17.2202048558426
2023-01-10,8.33218124378821e-06,5.195583143413,-0.00426977714663381,11.3784365435054,2.55859235934393,16.6265321538565
2023-01-11,0.000731420914068212,5.21108910211892,-0.616136452326041,11.1895958249251,2.76511561357667,16.3699872885527
2023-01-12,0.000598596844787195,5.21896141089924,-1.55490498221528,11.0005420454604,3.006488904742,15.7249947888895
2023-01-13,2.26699386709432e-05,5.1509572390109,-7.08237703990853,13.7788395878566,5.12904499617513,12.3924692959627
2023-01-17,0.000652824573265546,5.19511568758705,-0.979361669458428,11.1249706225507,2.83674494620192,15.9375697511838
2023-01-18,4.30262143864976e-14,5.23798405605676,-0.753055115274541,10.8605678039636,2.51599990634089,16.4607549818994
2023-01-19,0.132059240417925,5.16377237073929,-0.00126161534837875,10.5441036741982,2.16363826296999,16.6939852329111
2023-01-20,0.00111024613217243,5.25680748288137,0.00143985085330355,11.1682695571226,2.32087723131893,16.8915452138128
2023-01-23,0.000172869008887668,5.24412306821658,-1.28208224051786,11.2658314813369,3.03503859646213,16.7234711216248
2023-01-24,3.88597627159774e-14,5.25505192787472,-0.655929264913323,11.0084734566799,2.7275930673852,17.202261256893
2023-01-25,0.000316566705715641,5.28551872900196,-0.0528115077080295,11.0388560706067,2.36357233744329,17.0435226304852
2023-01-26,7.05634418204604e-05,5.29673173906246,-0.484998115612705,10.9705818591523,2.6142255464949,16.7861552063743
2023-01-27,0.320775198480104,5.00167908293857,0.000205993494321025,10.0522560943089,2.28607348919242,16.6916367665983
2023-01-30,2.27984863111929e-05,5.27513825035919,-0.0230540913772256,10.9839661597067,2.5677925821505,17.1318379690295
2023-01-31,0.543006867667593,4.78168952918787,0.000740890443071566,9.49160017495889,2.19632878096817,16.7940933131292
2023-02-01,0.982167332694232,4.43349887607667,-0.669923006213212,8.01224129487116,2.05054749919668,16.7216569526677
2023-02-02,0.736975359500916,4.61655941801614,-0.49396227374479,8.72614301452125,2.13514192031367,16.8343827281072
2023-02-03,3.75585104989419e-05,5.34670499381677,-2.0112416150037,11.0449364124575,3.41868580505542,15.9609004971014
2023-02-06,0.000234110508241785,5.31824577750077,-6.06579468621836,12.9594639434168,5.26668535194842,13.3433440757544
2023-02-07,1.80527124662378e-09,5.31225454694233,-10.0859674584951,16.2403478553524,6.12510751756982,11.8093684366931
2023-02-08,2.22044633924045e-14,5.36414045807467,-4.26186300735097,12.0217272579808,4.57452492359599,14.2860295082172
2023-02-09,4.32567664534634e-14,5.32844756101352,-13.8205103213633,19.6035872368497,6.65202252408284,11.1482570845499
2023-02-10,0.000232902317009307,5.37403843102481,-2.68508023798296,11.6728615301035,4.16289289343976,15.7602412982903
2023-02-13,1.49376010546035e-05,5.36258851833272,-6.90489390067263,13.857423586333,5.65875030430731,13.2059645491395
2023-02-14,3.80153602825728e-05,5.38618079860714,-30.5349670088298,35.6529140893378,8.05100207365252,10.3400080737597
2023-02-15,3.28542542987354,0.140582436347878,5.49722478018697,2.12490876030958,0.484725536234564,30
2023-02-16,7.88145698465361e-07,5.37651091341363,-48.4490117831688,53.7620909330373,8.37749823164006,9.87340541312098
2023-02-17,3.77059137108346e-14,5.43840334984572,-6.6320621861763,13.968613041219,5.6075467768988,13.3304460685747
2023-02-21,1.77948320096658e-07,5.42776498883739,-51.4602159005339,56.9413327395231,8.38118234573416,9.76476278866098
2023-02-22,3.49572225458712,-0.497812817003827,6.02286582156587,1.72750619254336,0.435404426287035,30
2023-02-23,3.43446521108355,-0.371697024570857,5.97139494826414,1.75832344427907,0.450302666150917,30
2023-02-24,3.45013632996457,0.177130554635059,5.17605017996589,1.82733042080823,0.525824825859629,27.2963489330807
2023-02-27,3.36588375042371,0.215980531661539,5.3465985207747,2.09471464580473,0.525356192079305,26.0128460827686
2023-02-28,3.3121313711143,0.300597946546063,5.43505753548014,2.21161937540628,0.53970562221086,24.7524983386892
2023-03-01,3.3519819836918,0.254766869769834,5.48852386203702,2.01192830180341,0.560474265319035,18.6738357000111
2023-03-02,3.53694587904069,-0.111830108256593,5.51918358731971,1.62101700499522,0.516851464194205,18.4951059128533
2023-03-03,3.44387547785793,0.34185276221558,5.07785539275965,1.45772870418298,0.55914809288466,18.99010367396
2023-03-06,9.34101957292556e-05,5.51713339921491,-30.2375295314326,35.7756826219952,8.70173244900563,11.0325877409284
2023-03-07,4.13739795455717,-0.613087029514581,5.21707518719936,-1.30010147350724,0.514865982125267,4.7800349175855
2023-03-08,4.14212073446832,-0.437933683009316,5.0807073784722,-1.36519542135242,0.546837262297837,4.8943804120413
2023-03-09,4.19628499298257,-0.647369871000892,4.99095522586379,-1.56944947205262,0.469773224393024,4.62614724770674
2023-03-10,4.19034104829573,-0.600509463483542,4.36439056150581,-2.15889452517062,0.408371724374228,5.21949815207425
2023-03-13,4.18919444775844,0.877273637616288,-0.571415562853344,-2.22589265430848,1.24916331390338,4.43147334181623
2023-03-14,4.26795317746647,0.84851842317895,-0.0408199951838941,-2.49551824800818,1.2279215975991,4.29958738680266
2023-03-15,4.28263993758425,0.687992587936503,-0.374563211701196,-2.69541417385697,0.794742754576767,4.49255611739792
2023-03-16,0.000187289251345194,4.95337202036984,-1.32871010490315,11.1417727312603,3.82422812570842,17.4442609766297
2023-03-17,4.16526684955141,0.955956582588506,-0.917046855313689,-2.52715260145007,1.00650139988201,4.1597586255918
2023-03-20,4.21793292964355,0.868480734537775,-0.770402166023031,-2.39844147698682,1.0511532998064,4.40750888601883
2023-03-21,4.2024095978364,0.89114358305679,-0.14150503346011,-2.36971752053573,1.36844547137551,4.0060057220553
2023-03-22,4.19504467027259,1.04831907972294,-0.963634209018539,-2.39756054495042,1.26848670025325,3.91763703096128
2023-03-23,4.29349747209516,1.04747686000693,-1.61835676142224,-2.78209428520309,1.07750291869852,4.13842727604477
2023-03-24,4.27758524511403,0.980016538537168,-1.46331206214762,-2.7628086345811,1.02803603448967,4.21879836088719
2023-03-27,4.36223661753064,0.825889935856684,-0.941681310950592,-2.68699755853909,1.21825216604755,4.16418025016673
2023-03-28,4.33357297511004,0.783911411830849,-0.600058695923432,-2.70241770801147,1.35662211131678,4.03679491792216
2023-03-29,4.3189253860526,0.80291390248411,-0.575794942663039,-2.61117614995108,1.45095339221481,4.00738230546124
2023-03-30,4.25553759493954,0.960619057169701,-0.707284889387048,-2.49565471350484,1.51855414158998,3.95994186910484
2023-03-31,4.20272409114637,1.14402753931645,-1.12266702758869,-2.36795756284255,1.42397496267056,4.23636161032521
2023-04-03,4.19718270881695,1.23896863501658,-1.53604609801201,-2.37556457482657,1.41516103618075,4.28538547599071
2023-04-04,4.19334606992,1.25893521458656,-1.93369069918062,-2.45502668643802,1.37343343465742,4.28521476489723
2023-04-05,4.23319698815223,1.19054408673375,-2.02807558035268,-2.65223176301183,1.32290153793499,4.70111342887439
2023-04-06,4.17621126696744,1.26200955871955,-1.75518909816473,-2.67189513412466,1.29704643551038,4.44836127104314
2023-04-07,4.21062512710323,1.18514817305708,-1.68026566114254,-2.44604083131907,1.5986955001378,4.57859330303744
2023-04-10,4.25111714550909,1.20507642026114,-1.51930250209286,-2.63337205774017,1.41379389454412,4.61596751733416
2023-04-11,4.18163308651784,1.17436507225423,-1.3185746386352,-2.45565509689463,1.58071893217959,4.32634035281401
2023-04-12,4.22341003798509,1.23409247182326,-1.80458290922541,-2.4571042913092,1.54848141869708,4.25678153841684
2023-04-13,4.29699542146622,1.15273742119749,-2.01284988571065,-2.35614765793875,1.56770920984093,4.61160310437737
2023-04-14,4.29680083253051,1.18613843597577,-1.70249078116917,-2.32149510588641,1.63590250394891,4.37026375081767
2023-04-17,4.35486942529035,1.11849786662262,-1.64877032492175,-2.2380826067314,1.73418267818632,4.43524644727679
2023-04-18,4.31322320443031,1.14744178778795,-1.54863427545191,-2.26282317400123,1.87586304589331,4.16958411625453
2023-04-19,4.26543700550863,1.16017090625805,-1.33132832554562,-2.23807545774507,2.08233732158791,3.84123842624262
2023-04-20,4.24484059356346,1.20747687409836,-1.6611864297373,-2.13278469741584,1.88858340652569,3.99043214827229
2023-04-21,4.27296511008564,1.22557201909661,-1.65436268352141,-2.13892028696457,1.79461450373642,4.02130263729635
2023-04-24,4.2534032731038,1.29794645233702,-1.82864504900637,-2.18868786384081,1.70628313228515,4.15266932367296
2023-04-25,4.27380154781601,1.40235795161057,-2.54025918138721,-2.3235977026919,1.44709078465411,4.62773374921045
2023-04-26,4.31734677936705,1.37456270550428,-2.55746149801956,-2.32102916690073,1.48904738440317,4.59910794434624
2023-04-27,4.31475913813541,1.33902077839291,-2.21873244263165,-2.0977534787782,1.664623460044,4.46343479098386
2023-04-28,4.22069293921527,1.51641831479721,-2.56688956384973,-1.95986263996212,1.69942847435632,4.64241213941766
2023-05-01,4.39457846051541,1.32565946959069,-2.63671329528271,-1.89702716372446,1.78586708522961,4.65404641525227
2023-05-02,4.31889773785977,1.38962084196447,-2.86933164827471,-2.08902953139442,1.72310931519011,4.57726128568319
2023-05-03,4.32344924635093,1.45312424361372,-3.3546949668187,-2.02412529404323,1.73695314767512,4.58542580622266
2023-05-04,4.42350278751369,1.37900808806026,-3.53470659466582,-2.38766001964113,1.53098413304879,4.56618798658045
2023-05-05,4.37800024699676,1.3600976369647,-3.14544426928538,-2.11896996651794,1.69141915363152,4.41334429070622
2023-05-08,4.45592902880818,1.30517837983679,-3.02316626103225,-2.15675393239845,1.70859934556555,4.38371621510571
2023-05-09,4.46847545879671,1.26575759653791,-3.11822764316867,-2.03361492514644,1.80269743896384,4.36041346276892
2023-05-10,4.47323009453162,1.34054648270973,-3.38767908159572,-2.28695861547238,1.65956809561881,4.32046090193242
2023-05-11,4.42835236108893,1.41022391105829,-3.03831515747167,-2.61433412386291,1.54581847577089,4.3361149187012
2023-05-12,4.45212557839235,1.35723282608509,-2.89537743101662,-2.47982122735726,1.58755906327136,4.45784235854767
2023-05-15,4.46079878521766,1.38685096443277,-3.08519643620821,-2.27622758402412,1.62758745785153,4.16560814747596
2023-05-16,4.45789460478299,1.41278784775271,-3.09601415909207,-2.08848749878519,1.70597336990161,4.10141463463523
2023-05-17,1.88205211816626,3.97190252761286,-0.726275480276593,6.67933519438115,1.41174542174111,18.533459416704
2023-05-18,1.86699202525612,4.01890767164628,-0.381811177406107,6.71243147906797,1.40331516287645,17.7247311846291
2023-05-19,2.10189717238903,3.78442064815095,-0.423307239292048,6.14311326006947,1.36277993919574,18.1032851184657
2023-05-22,2.05631669604721,3.89983260880401,-0.591857737091305,6.32990600465896,1.40217731238903,17.5790764530956
2023-05-23,1.72351968485075,4.20862613389835,-0.220042337230879,7.24091428167224,1.42584310927649,16.9913828907622
2023-05-24,1.61959975942554,4.38253518377693,-0.196409198975703,7.56159109345567,1.46584058740868,16.6809588421663
2023-05-25,1.25756211422561,4.70147627741771,-0.000168388387256423,8.57841651769663,1.73059106087517,16.0026532096291
2023-05-26,1.0252900256159,4.93173840532713,3.71374585741307e-05,9.05939749454015,1.87628502722104,15.9800167091832
2023-05-30,1.61407985683797,4.45968707198899,0.000349713354500801,7.31344656776179,1.49610955234486,17.1369707491064
2023-05-31,1.70944358603021,4.41304524079075,-0.20529645431377,6.89802317555384,1.4284088396494,17.1773147565491
2023-06-01,1.81936006535311,4.29963179047678,-0.530189378029604,6.54631920600511,1.44529008733231,17.4604579217499
2023-06-02,1.70934798842808,4.34682483183453,-0.184509292181162,6.90200563071348,1.58101782115646,17.3987768003154
2023-06-05,1.75369959132857,4.26927840254962,-0.324233966332501,6.82090166424943,1.60448822930513,17.5516739786877
2023-06-06,1.39105312321026,4.57877860052125,-0.000305600778931057,7.73839172051256,1.6898652613392,16.831749308894
2023-06-07,1.53003756425951,4.42395111484244,-0.000146033411749075,7.53778329109539,1.67856256635699,16.2124803312826
2023-06-08,1.06311421648019,4.82329345267144,-0.000133405447679268,8.73446654037527,1.86421930917535,16.4406532839025
2023-06-09,0.905591228974329,4.9874525888468,-0.000507284888274309,9.10254309628158,2.00898770174337,16.4754226651644
2023-06-12,1.03690605995346,4.89070379608993,0.000244854631391936,8.70456982464872,1.88687346504139,16.2295181744854
2023-06-13,3.44442331143186e-05,5.83065483727145,0.00669956234473579,11.7281544955591,2.44320553714483,16.0769727384361
2023-06-14,2.22044605250758e-14,5.79616671536774,-4.463626459077,12.5329916214912,4.42910536113725,14.0689570971722
2023-06-15,0.000122855377957898,5.8305656873465,-1.88691149953326,11.6345791779364,3.1605676243089,15.7768796359967
2023-06-16,0.000126596220090259,5.7584122028946,-7.55519984853275,14.3826022325594,5.16059493796231,12.4084979351297
2023-06-20,2.2209419097038e-14,5.77852839728962,-5.14070614165963,12.7042465133004,4.51354446020392,13.6676706872648
2023-06-21,2.15539870529615e-09,5.79400627360515,-5.19298669846147,12.6658932774773,4.50224247325466,13.6275786324816
2023-06-22,2.24761482410337e-14,5.80531932977905,-9.91971850063789,16.2159077503579,5.62308356676593,11.6529574561875
2023-06-23,1.57909585728267e-05,5.85798540836683,-2.98162980476108,11.7094887975626,3.76661919121881,15.197262339396
2023-06-26,0.000566972155552742,5.90009766486546,-1.84062534579289,11.5024795695797,3.21253351893443,16.0593320421904
2023-06-27,2.22628604491147e-14,5.89588946791456,-5.94886747855049,13.1472658841344,4.72930602451296,13.2815198403905
2023-06-28,4.5259909156651e-05,5.90017192655684,-6.60297232883812,13.4651830731059,4.78384106604459,12.9122977118952
2023-06-29,4.09732764876533,1.50742681127514,10065.6745590244,-10066.4376685819,1.5466470909526,1.54698475092043
2023-06-30,4.2884540973602,-0.957177550231468,5.79915396092919,-2.20774161525932,0.398368798662537,4.60614066616967
2023-07-03,4.3100331589359,-0.719792234214339,5.38780074840345,-2.15394108995016,0.429809523062218,4.89619188636231
2023-07-05,4.32998758684312,-0.887467953983988,5.42867414492542,-1.8973041022411,0.416799022457988,4.63432288290893
2023-07-06,4.36723008461907,-1.05219666426378,5.47476657964733,-1.59782364294622,0.39874251530603,5.24568794256201
2023-07-07,4.41805644980629,-1.27350570529257,5.56729704262393,-1.64798221255593,0.359196851154862,4.99627416818191
2023-07-10,4.31632418695443,1.53750898983672,2096.55701615614,-2098.90590039018,2.21090912923707,2.21192302295368
2023-07-11,4.37583421971451,1.53506053864769,789.38331943706,-792.560106603952,3.03710246726811,3.03811215944801
2023-07-12,0.000210388082546146,5.8822889308674,-1.49159337293814,11.8408794745456,3.12271491773881,15.8353865593326
2023-07-13,0.463999385870964,5.45196825801979,0.000351397053403675,10.4234860116337,2.11070804691025,16.1010407084132
2023-07-14,4.10858978970833e-14,5.82531127430406,-6.4668997558026,13.8494891469346,4.85020280969367,13.0038544617665
2023-07-17,3.61043415433013e-14,5.83535942882904,-5.68264372856227,13.3826776903186,4.59473349636582,13.4862995239356
2023-07-18,3.02095978441108e-12,5.81756077220063,-9.57134267385953,16.0384641174519,5.4440370134577,11.7704531695424
2023-07-19,3.63207635701015e-09,5.82371029017183,-16.3739242887215,21.7043099019507,6.23813740313518,10.3314933336064
2023-07-20,4.91686284236946e-07,5.81091909620943,-61.2250854352783,65.7724244572092,7.57840389638313,8.77033120925204
2023-07-21,0.000116573676562493,5.81150448914143,-22.9457744228752,28.1586181925851,6.92700621843592,9.98002674259269
2023-07-24,4.28299461399322,1.55931036463233,2364.54160189308,-2367.4557856181,2.5749432767401,2.57609555818837
2023-07-25,4.30838347157356,1.5831590074899,2038.2931663494,-2041.44983214941,2.95693289615228,2.95774508757454
2023-07-26,4.15589948590793,1.41207410565182,10523.5779721363,-10524.6631418207,1.62636804277882,1.62670869952967
2023-07-27,4.42263369520363,1.44536421400982,3026.01408769616,-3028.9494342147,2.78688166381085,2.78758146191158
2023-07-28,4.5309090764524,1.3700340134501,-343.247548174922,339.425990627084,3.53604537326154,3.53541426525716
2023-07-31,4.25771308403555,1.4049880707189,9925.52745212531,-9926.94373630387,1.71414947795679,1.714472779363
2023-08-01,4.47421768386591,-0.395168459986933,-1.79812671022598,4.7456417008288,3.79916005489457,0.479786025312708
2023-08-02,4.54468996203217,1.26786263897626,-2392.77348368231,2390.04780729815,2.27289858283733,2.27173524439154
2023-08-03,2.22295251510633e-14,5.80360290078939,-8.99696986259271,17.0027775019358,5.51437631624586,11.8494803505843
2023-08-04,3.61129136388084e-14,5.82682281252205,-3.93426926852219,13.4213898989845,4.03069939254538,14.1738943704617
2023-08-07,4.4515120429708e-05,5.87539116988656,-1.78191022351525,13.0000772608914,3.13403422797929,15.3899570328767
2023-08-08,0.000857932553140054,5.88452856419723,-2.27034599492,12.8912101034817,3.2874209945382,15.2883012357974
2023-08-09,2.22044605030474e-14,5.8796643584554,-3.48304514622982,13.1286174966551,3.85123646944252,14.7148776064937
2023-08-10,0.000135194453814793,5.8772293560566,-1.68276762145108,12.8786617542086,3.22512194253056,15.642426823209
2023-08-11,3.594774228597e-14,5.8282742935787,-2.81407407643922,13.1195207865259,3.92147856744367,14.9275110223257
2023-08-14,3.58851814420317e-13,5.77527463720546,-36.4451117622884,42.6251247191491,7.62209623858475,9.64304165862296
2023-08-15,2.22044604954543e-14,5.78675186322841,-6.01010477408168,14.8463669571881,5.11098354943773,13.2398946628593
2023-08-16,8.48924492402764e-05,5.76170805603654,-12.0564871577729,19.7765278000435,6.32872022337599,11.4494398632204
2023-08-17,4.30209416148298e-14,5.76549944957371,-3.35878348974094,13.6942618330734,4.33412155981332,14.544157762884
2023-08-18,4.08622308690896e-05,5.73866915435559,-6.5549784453563,15.462420649045,5.26502406006307,12.945616387935
2023-08-21,4.19347243162304e-14,5.74666291406495,-12.1494853507709,20.1818973072252,6.25811871616903,11.2788552306182
2023-08-22,3.30240246425397,1.66084107940778,3.68064090109491,3.72415556985095,0.650091996047916,17.7194601846987
2023-08-23,9.82717196086884e-05,5.75231164564601,-13.1955926890684,20.4830069407156,6.39553669619974,11.1035664120042
2023-08-24,1.71023545471586e-07,5.78762666515088,-58.3860295922286,64.4318751559581,7.81473871143161,9.06985826475798
2023-08-25,0.000150111814422368,5.81360013125962,-29.2312011981941,35.6632400604225,7.46794146234738,9.87624438083911
2023-08-28,3.27489699260691e-06,5.83073020159875,-70.2524828658439,76.0950595184234,7.91047919087726,8.97633433284561
2023-08-29,0.000210786951002637,5.83024577501215,-4.96317945620693,13.9477810481042,4.58108716194248,13.5032992217963
2023-08-30,2.81978543010444e-14,5.85676551993661,-3.01262717195006,13.0505135512105,3.90530622948195,14.563288670988
2023-08-31,0.00164512454836896,5.90542532217976,-0.0260634632698001,12.5071907159002,2.54758793749803,15.73053233196
2023-09-01,4.59575974886269e-05,5.88037390382525,-0.0392383101734265,12.7993539071347,2.5425774742279,15.2839584659489
2023-09-05,9.75072241323228e-05,5.85025305972359,-4.53135558499016,14.1772577506997,4.47512617869702,13.5537544969157
2023-09-06,3.44985316621345,1.20059987720586,4.37646186443694,3.17625634068576,0.54806158539884,19.7057189949332
2023-09-07,0.000175505956697297,5.83404063845671,-4.45821745289848,14.068091754857,4.52362504735564,13.6339388151916
2023-09-08,2.59077526939046e-14,5.82408890882551,-5.25753590917534,14.4005672795873,4.88842203698654,13.3980512109025
2023-09-11,2.22044604947734e-14,5.83505408559922,-3.41191897879935,13.5936804846736,4.26856621345026,14.4480982535228
2023-09-12,2.05644666467161e-12,5.81615591532078,-9.90309910546103,17.8404579102098,5.93084307795325,11.8116215178104
2023-09-13,3.90158882257043e-14,5.82680467540877,-5.11458163289516,14.3379768783885,4.85784462098586,13.6253971867967
2023-09-14,1.26488247333272e-10,5.7896772956253,-22.4678573247758,29.4265939332626,7.12518044810605,10.2427608924301
2023-09-15,3.43774141334594,1.26560606036747,4.17038479612839,3.45076566662142,0.571671280321832,20.7187576894247
2023-09-18,3.40695227432738,1.38209858021235,4.08052817790117,3.43323913077317,0.599666620045542,20.3435930892351
2023-09-19,4.81846853573726,-0.476377874001203,3.4443823618097,-2.05503838200867,0.432263687618061,3.74240345135756
2023-09-20,4.77093362592684,-0.0471084403326707,3.03543874189534,-2.00011442296712,0.480242489603796,3.80149982151315
2023-09-21,3.62679260777757,1.16204717880074,3.80751009683753,3.28005271733394,0.586660478302529,19.4381191382167
2023-09-22,3.59444227519366,1.19178005070081,3.84043981612662,3.30964534545919,0.583105724114881,20.4647215830616
2023-09-25,3.55403205113988,1.21175338957345,3.93143015608849,3.88950830907309,0.560424185366992,18.1017376649145
2023-09-26,3.48039159660673,1.35255432256096,3.86994216181681,4.23729357027072,0.583771926833481,17.836664786807
2023-09-27,3.53241770235837,1.24865472121331,3.97539783050943,4.12771785131529,0.58140791741689,16.767521467315
2023-09-28,3.45016895874618,1.47147421468511,3.75487903622738,4.3476882829516,0.56716480439929,16.0143513224999
2023-09-29,3.28847144437,1.67943337156852,3.83229751448715,4.9101064191711,0.582004383582019,15.3710156634675
2023-10-02,3.47154963179143,1.45244180073199,3.71328299342485,4.53234368593353,0.571299376827236,14.8140420417063
2023-10-03,3.53738228605227,1.49795880397001,3.368644333011,4.81902534995006,0.592867459169644,14.7853899524006
2023-10-04,3.56850585117439,1.3933250409411,3.45895885744778,4.51255286869194,0.522158940686709,14.9562982534101
2023-10-05,3.30693440345915,1.87543294923908,3.11541833635937,5.39021896498226,0.610961429288883,14.7095427962986
2023-10-06,8.05089449343135e-05,5.80557650733939,-0.116231680022997,14.9047716542356,2.72233545079004,14.2645062791
2023-10-10,0.995412135331474,4.84168326019928,0.000567979515477333,11.9250831401864,2.15642478240227,13.8694565370849
2023-10-11,0.0940821101981409,5.70195533994764,0.00254167827405589,13.9584207166896,2.58814833586956,14.4334357792229
2023-10-12,3.13913482196134,2.26997619839504,2.71481810449502,5.77135179328211,0.71786711157989,14.3383346747677
2023-10-13,3.01517595878159,2.39092406654269,2.74548016793768,5.86300562738151,0.761553933360003,14.45726781136
2023-10-16,2.79257233181722,2.72501170454128,2.51880907925917,6.81998805894914,0.8707951170055,13.8510618336168
2023-10-17,3.0315006160737,2.48631148762658,2.34021800918569,6.20445293155953,0.918091061454381,13.4091230846199
2023-10-18,3.59108883748642e-05,5.71754540202012,0.759987322039835,14.7987260657751,2.73613811897387,14.6462371089257
2023-10-19,1.13199060190768,4.56516521971313,-0.00150977556504667,12.1598562419296,2.5639818966924,13.6094412986475
2023-10-20,2.23683611471923,3.52020318757654,0.000388616211195039,9.12675976776165,1.9033768631848,13.3697023843417
2023-10-23,2.63901734674369,3.18071452519012,9.22024542451677e-05,7.68246786815296,1.67174298732763,13.5711076854256
2023-10-24,2.24106174923168,3.56159248060396,-9.79241439311656e-06,8.58943179532086,1.91222573517395,13.2855221370882
2023-10-25,2.31321719195224,3.46305237187837,-6.70195409082691e-05,8.79523586063443,1.96465736458765,13.252740429328
2023-10-26,2.63387224167629,3.20020419324459,-0.000159853598011957,7.66926665181157,1.64354711090216,13.2158104731454
2023-10-27,2.66774917889623,3.21203281556,-0.000118600927315325,7.70077146538007,1.51081722986339,13.4179801401059
2023-10-30,2.66869158554618,3.19323249710422,-0.000106012310294397,7.69859353560815,1.54984159763532,13.1061923910708
2023-10-31,2.52221508336875,3.33861301094006,0.000119732576810909,8.07096914147077,1.66640012285903,13.1583693966609
2023-11-01,2.68240586059733,3.25349410608249,-0.000233289889096079,7.47333506849964,1.3831612746599,13.6254102541742
2023-11-02,2.09291020282072,3.72908490310544,5.75283636496216e-05,8.60612348631468,1.85307097620396,13.9201988637187
2023-11-03,2.23431370770812,3.62315493864875,-0.000190202731905036,8.18721284991925,1.52589092469681,14.0310694201981
2023-11-06,1.94526824646148,3.83938009191067,-0.000196579260323329,9.16820208081519,1.84403681506027,13.9987531998804
2023-11-07,2.08355654376024,3.73188131541866,6.81737440385118e-05,8.46113028140576,1.76605604923982,14.3341320532139
2023-11-08,3.34414101647213,1.84015540582288,2.99996201730845,4.46587526089133,0.579073673634764,15.7885963304779
2023-11-09,3.46126043192361,1.56047710497671,3.25989921533106,4.52884512290517,0.565203463817564,15.07783940583
2023-11-10,3.46810659762886,1.64717472599395,2.99497829976483,4.36042999072907,0.613710030883906,15.1430119261103
2023-11-13,3.60097783120005,1.43431686525238,3.10327657555655,4.04465415928226,0.546470512776667,15.5087073352498
2023-11-14,2.10685594922567,3.71614237017246,-6.99725777919676e-06,8.1023084848094,1.62388587252805,14.4186452700877
2023-11-15,1.11725503827579,4.61472502639923,-0.00070864137804338,11.024081967666,2.1999692633322,14.225795549896
2023-11-16,1.33180672863085,4.42723846600524,0.000101189678026978,10.3609508067186,1.97415536132607,14.2196163784152
2023-11-17,0.000176612861125684,5.70233124103527,-0.0142829531067172,13.918057440385,2.57220797751951,14.6874578516395
2023-11-20,0.00210493583184344,5.71717311317738,7.49428580250824e-05,13.8073645674981,2.55995367579528,14.7061729923439
2023-11-21,0.0385147913414783,5.68807040782987,-0.000475825615413257,13.7861967133232,2.46309606412214,14.5005993085229
2023-11-22,0.496925581793763,5.26794834059381,0.00094443710562166,12.3826360021003,2.33006181091198,14.2550080019048
2023-11-24,2.72275892299172,2.60925549761855,2.88391563159905,6.23199537188152,0.772104844349951,13.9605442199734
2023-11-27,0.182523708482241,5.57427101951826,0.00155360086306459,13.2270128973239,2.3830862574201,14.2121546485506
2023-11-28,1.10773430345085,4.71186728140147,-0.000226484787962953,10.739509086047,1.85288879433397,13.8076393002708
2023-11-29,1.88611651818367,3.97300443862329,6.61344807282038e-05,8.23125458003006,1.47385475355714,13.7114257411934
2023-11-30,1.48953137998406,4.28776296172886,-0.00019661573720232,9.6637076939555,1.73344574370531,13.6459878163471
2023-12-01,2.08415451461036,3.75932223305234,-0.000170423192571562,7.59210192949398,1.31549956896004,13.9816259887923
2023-12-04,2.00791237996314,3.76518637809202,-2.04027742579605e-05,7.82848697181359,1.48456410737505,13.7613610600341
2023-12-05,2.14249452041717,3.65986455446391,0.000131022641481643,7.02862745887331,1.36862759880249,13.8207900089532
2023-12-06,1.82944577832687,3.9162829974352,-3.22783807799919e-05,7.62121613330255,1.58103939314577,13.9919864442691
2023-12-07,1.84047052537819,3.89050790588661,-0.000122570298779075,7.68779583056375,1.54486077430417,13.8549687913144
2023-12-08,1.34902270410944,4.2994279472329,-0.000141476799607027,9.19059843554444,1.97460895530501,13.9939284938049
2023-12-11,1.46323185700526,4.20080140572399,-9.51808241527998e-05,8.92148513927821,1.91987309951182,14.0337680831664
2023-12-12,0.722844765889917,4.91304023691925,0.000646588056092128,10.9411566690329,2.22129673194225,14.3861631433027
2023-12-13,1.94859325823831,3.77585394646767,-4.56487365100486e-05,7.28819628158805,1.39651545626978,14.4681667126183
2023-12-14,2.32916676149745,3.43020392868967,4.85258826508822e-05,5.68738645388966,1.17249151719085,15.0878908838081
2023-12-15,1.93910933885076,3.7424143414257,0.000128299482364239,6.67628298545859,1.44000544284386,14.754569971698
2023-12-18,2.12660499434408,3.56616049778851,6.88600411836491e-05,6.28529753230764,1.3665729024335,14.9320103884373
2023-12-19,2.25808341443695,3.43421350699673,0.00011365297658813,5.86161895139994,1.30198395420329,15.089638174532
2023-12-20,2.47887100842484,3.27238399602547,-2.46382701886615e-05,5.13305408755345,1.11237715941287,16.3146950034902
2023-12-21,2.52675725623897,3.19619286568102,1.00257551548961e-05,5.12345994491842,1.08815351609912,16.3207617551069
2023-12-22,2.68941220183424,3.12686964394687,4.3251828505803e-05,4.75941766453073,0.946867845502931,17.0100542779091
2023-12-26,2.65615163700046,3.05133744455634,-8.67201109218564e-05,4.81983105599656,1.04371512538907,17.3374100980258
2023-12-27,4.43872982004633,1.35281052603433,-1.11402141385446,-2.46756680797307,1.04641616288538,3.34076807641638
2023-12-28,4.44752920442581,1.36624862233119,-1.34151931933686,-2.2134572715965,1.11758269131065,3.4596297482146
2023-12-29,2.71331367109837,3.04304937647596,-4.78621559536457e-05,4.6383755181423,0.935424529647492,17.6021435450213
