Date,reason
2022-01-17,"missing BETA0, BETA1, BETA2, BETA3, TAU1, or TAU2"
2022-02-21,"missing BETA0, BETA1, BETA2, BETA3, TAU1, or TAU2"
2022-04-15,"missing BETA0, BETA1, BETA2, BETA3, TAU1, or TAU2"
2022-05-30,"missing BETA0, BETA1, BETA2, BETA3, TAU1, or TAU2"
2022-06-20,"missing BETA0, BETA1, BETA2, BETA3, TAU1, or TAU2"
2022-07-04,"missing BETA0, BETA1, BETA2, BETA3, TAU1, or TAU2"
2022-09-05,"missing BETA0, BETA1, BETA2, BETA3, TAU1, or TAU2"
2022-10-10,"missing BETA0, BETA1, BETA2, BETA3, TAU1, or TAU2"
2022-11-11,"missing BETA0, BETA1, BETA2, BETA3, TAU1, or TAU2"
2022-11-24,"missing BETA0, BETA1, BETA2, BETA3, TAU1, or TAU2"
2022-12-26,"missing BETA0, BETA1, BETA2, BETA3, TAU1, or TAU2"
2023-01-02,"missing BETA0, BETA1, BETA2, BETA3, TAU1, or TAU2"
2023-01-16,"missing BETA0, BETA1, BETA2, BETA3, TAU1, or TAU2"
2023-02-20,"missing BETA0, BETA1, BETA2, BETA3, TAU1, or TAU2"
2023-05-29,"missing BETA0, BETA1, BETA2, BETA3, TAU1, or TAU2"
2023-06-19,"missing BETA0, BETA1, BETA2, BETA3, TAU1, or TAU2"
2023-07-04,"missing BETA0, BETA1, BETA2, BETA3, TAU1, or TAU2"
2023-09-04,"missing BETA0, BETA1, BETA2, BETA3, TAU1, or TAU2"
2023-10-09,"missing BETA0, BETA1, BETA2, BETA3, TAU1, or TAU2"
2023-11-23,"missing BETA0, BETA1, BETA2, BETA3, TAU1, or TAU2"
2023-12-25,"missing BETA0, BETA1, BETA2, BETA3, TAU1, or TAU2"
