instrument,pay_date,T_act_365f,cashflow_per_100,is_principal,zero_percent,zero_decimal,discount_factor,pv_per_100
S06M,2024-01-31,0.5041095890410959,102.375,True,5.486811796843085,0.05486811796843085,0.9727194782267609,99.58215658346464
S02Y,2024-01-31,0.5041095890410959,2.25,False,5.486811796843085,0.05486811796843085,0.9727194782267609,2.1886188260102117
S02Y,2024-07-31,1.0027397260273974,2.25,False,5.273949892054361,0.05273949892054361,0.9484900397671608,2.134102589476112
S02Y,2025-01-31,1.5068493150684932,2.25,False,5.0532189219907195,0.050532189219907195,0.9266823888589617,2.085035374932664
S02Y,2025-07-31,2.0027397260273974,102.25,True,4.849131394587857,0.04849131394587857,0.9074512068848468,92.78688590397559
S03Y,2024-01-31,0.5041095890410959,2.125,False,5.486811796843085,0.05486811796843085,0.9727194782267609,2.0670288912318666
S03Y,2024-07-31,1.0027397260273974,2.125,False,5.273949892054361,0.05273949892054361,0.9484900397671608,2.0155413345052167
S03Y,2025-01-31,1.5068493150684932,2.125,False,5.0532189219907195,0.050532189219907195,0.9266823888589617,1.9692000763252937
S03Y,2025-07-31,2.0027397260273974,2.125,False,4.849131394587857,0.04849131394587857,0.9074512068848468,1.9283338146302995
S03Y,2026-01-31,2.506849315068493,2.125,False,4.664352879588478,0.04664352879588478,0.8896489802970551,1.890504083131242
S03Y,2026-07-31,3.0027397260273974,102.125,True,4.5084392005664995,0.045084392005665,0.8733868493426943,89.19463198912266
S05Y,2024-01-31,0.5041095890410959,2.0,False,5.486811796843085,0.05486811796843085,0.9727194782267609,1.9454389564535217
S05Y,2024-07-31,1.0027397260273974,2.0,False,5.273949892054361,0.05273949892054361,0.9484900397671608,1.8969800795343217
S05Y,2025-01-31,1.5068493150684932,2.0,False,5.0532189219907195,0.050532189219907195,0.9266823888589617,1.8533647777179234
S05Y,2025-07-31,2.0027397260273974,2.0,False,4.849131394587857,0.04849131394587857,0.9074512068848468,1.8149024137696936
S05Y,2026-01-31,2.506849315068493,2.0,False,4.664352879588478,0.04664352879588478,0.8896489802970551,1.7792979605941102
S05Y,2026-07-31,3.0027397260273974,2.0,False,4.5084392005664995,0.045084392005665,0.8733868493426943,1.7467736986853886
S05Y,2027-01-31,3.506849315068493,2.0,False,4.376377867549309,0.04376377867549309,0.8577239419256203,1.7154478838512406
S05Y,2027-07-31,4.002739726027397,2.0,False,4.270751621560976,0.04270751621560976,0.8428661837179177,1.6857323674358353
S05Y,2028-01-31,4.506849315068493,2.0,False,4.185358982384514,0.04185358982384514,0.8280946474370411,1.6561892948740822
S05Y,2028-07-31,5.005479452054795,102.0,True,4.11969909193931,0.0411969909193931,0.8136616266061893,82.99348591383131
S07Y,2024-01-31,0.5041095890410959,2.0,False,5.486811796843085,0.05486811796843085,0.9727194782267609,1.9454389564535217
S07Y,2024-07-31,1.0027397260273974,2.0,False,5.273949892054361,0.05273949892054361,0.9484900397671608,1.8969800795343217
S07Y,2025-01-31,1.5068493150684932,2.0,False,5.0532189219907195,0.050532189219907195,0.9266823888589617,1.8533647777179234
S07Y,2025-07-31,2.0027397260273974,2.0,False,4.849131394587857,0.04849131394587857,0.9074512068848468,1.8149024137696936
S07Y,2026-01-31,2.506849315068493,2.0,False,4.664352879588478,0.04664352879588478,0.8896489802970551,1.7792979605941102
S07Y,2026-07-31,3.0027397260273974,2.0,False,4.5084392005664995,0.045084392005665,0.8733868493426943,1.7467736986853886
S07Y,2027-01-31,3.506849315068493,2.0,False,4.376377867549309,0.04376377867549309,0.8577239419256203,1.7154478838512406
S07Y,2027-07-31,4.002739726027397,2.0,False,4.270751621560976,0.04270751621560976,0.8428661837179177,1.6857323674358353
S07Y,2028-01-31,4.506849315068493,2.0,False,4.185358982384514,0.04185358982384514,0.8280946474370411,1.6561892948740822
S07Y,2028-07-31,5.005479452054795,2.0,False,4.11969909193931,0.0411969909193931,0.8136616266061893,1.6273232532123787
S07Y,2029-01-31,5.50958904109589,2.0,False,4.0693001455783815,0.04069300145578381,0.7991539168814074,1.5983078337628147
S07Y,2029-07-31,6.005479452054795,2.0,False,4.032659120083736,0.040326591200837356,0.78491447606093,1.56982895212186
S07Y,2030-01-31,6.50958904109589,2.0,False,4.006073497348552,0.04006073497348552,0.7704512310973576,1.5409024621947152
S07Y,2030-07-31,7.005479452054795,102.0,True,3.988309907304483,0.03988309907304483,0.7562371730474641,77.13619165084134
S10Y,2024-01-31,0.5041095890410959,2.0,False,5.486811796843085,0.05486811796843085,0.9727194782267609,1.9454389564535217
S10Y,2024-07-31,1.0027397260273974,2.0,False,5.273949892054361,0.05273949892054361,0.9484900397671608,1.8969800795343217
S10Y,2025-01-31,1.5068493150684932,2.0,False,5.0532189219907195,0.050532189219907195,0.9266823888589617,1.8533647777179234
S10Y,2025-07-31,2.0027397260273974,2.0,False,4.849131394587857,0.04849131394587857,0.9074512068848468,1.8149024137696936
S10Y,2026-01-31,2.506849315068493,2.0,False,4.664352879588478,0.04664352879588478,0.8896489802970551,1.7792979605941102
S10Y,2026-07-31,3.0027397260273974,2.0,False,4.5084392005664995,0.045084392005665,0.8733868493426943,1.7467736986853886
S10Y,2027-01-31,3.506849315068493,2.0,False,4.376377867549309,0.04376377867549309,0.8577239419256203,1.7154478838512406
S10Y,2027-07-31,4.002739726027397,2.0,False,4.270751621560976,0.04270751621560976,0.8428661837179177,1.6857323674358353
S10Y,2028-01-31,4.506849315068493,2.0,False,4.185358982384514,0.04185358982384514,0.8280946474370411,1.6561892948740822
S10Y,2028-07-31,5.005479452054795,2.0,False,4.11969909193931,0.0411969909193931,0.8136616266061893,1.6273232532123787
S10Y,2029-01-31,5.50958904109589,2.0,False,4.0693001455783815,0.04069300145578381,0.7991539168814074,1.5983078337628147
S10Y,2029-07-31,6.005479452054795,2.0,False,4.032659120083736,0.040326591200837356,0.78491447606093,1.56982895212186
S10Y,2030-01-31,6.50958904109589,2.0,False,4.006073497348552,0.04006073497348552,0.7704512310973576,1.5409024621947152
S10Y,2030-07-31,7.005479452054795,2.0,False,3.988309907304483,0.03988309907304483,0.7562371730474641,1.5124743460949281
S10Y,2031-01-31,7.50958904109589,2.0,False,3.976968065042911,0.03976968065042911,0.741816064554912,1.483632129109824
S10Y,2031-07-31,8.005479452054795,2.0,False,3.970948791534738,0.03970948791534738,0.7276802898365218,1.4553605796730436
S10Y,2032-01-31,8.509589041095891,2.0,False,3.9688258620712986,0.039688258620712985,0.7133873268742834,1.4267746537485668
S10Y,2032-07-31,9.008219178082191,2.0,False,3.969711909564012,0.03969711909564012,0.6993525157097479,1.3987050314194958
S10Y,2033-01-31,9.512328767123288,2.0,False,3.9728339789251095,0.039728339789251096,0.6852928392986609,1.3705856785973218
S10Y,2033-07-31,10.008219178082191,102.0,True,3.977479181349509,0.03977479181349509,0.6716117662306351,68.50440015552478
S20Y,2024-01-31,0.5041095890410959,2.0,False,5.486811796843085,0.05486811796843085,0.9727194782267609,1.9454389564535217
S20Y,2024-07-31,1.0027397260273974,2.0,False,5.273949892054361,0.05273949892054361,0.9484900397671608,1.8969800795343217
S20Y,2025-01-31,1.5068493150684932,2.0,False,5.0532189219907195,0.050532189219907195,0.9266823888589617,1.8533647777179234
S20Y,2025-07-31,2.0027397260273974,2.0,False,4.849131394587857,0.04849131394587857,0.9074512068848468,1.8149024137696936
S20Y,2026-01-31,2.506849315068493,2.0,False,4.664352879588478,0.04664352879588478,0.8896489802970551,1.7792979605941102
S20Y,2026-07-31,3.0027397260273974,2.0,False,4.5084392005664995,0.045084392005665,0.8733868493426943,1.7467736986853886
S20Y,2027-01-31,3.506849315068493,2.0,False,4.376377867549309,0.04376377867549309,0.8577239419256203,1.7154478838512406
S20Y,2027-07-31,4.002739726027397,2.0,False,4.270751621560976,0.04270751621560976,0.8428661837179177,1.6857323674358353
S20Y,2028-01-31,4.506849315068493,2.0,False,4.185358982384514,0.04185358982384514,0.8280946474370411,1.6561892948740822
S20Y,2028-07-31,5.005479452054795,2.0,False,4.11969909193931,0.0411969909193931,0.8136616266061893,1.6273232532123787
S20Y,2029-01-31,5.50958904109589,2.0,False,4.0693001455783815,0.04069300145578381,0.7991539168814074,1.5983078337628147
S20Y,2029-07-31,6.005479452054795,2.0,False,4.032659120083736,0.040326591200837356,0.78491447606093,1.56982895212186
S20Y,2030-01-31,6.50958904109589,2.0,False,4.006073497348552,0.04006073497348552,0.7704512310973576,1.5409024621947152
S20Y,2030-07-31,7.005479452054795,2.0,False,3.988309907304483,0.03988309907304483,0.7562371730474641,1.5124743460949281
S20Y,2031-01-31,7.50958904109589,2.0,False,3.976968065042911,0.03976968065042911,0.741816064554912,1.483632129109824
S20Y,2031-07-31,8.005479452054795,2.0,False,3.970948791534738,0.03970948791534738,0.7276802898365218,1.4553605796730436
S20Y,2032-01-31,8.509589041095891,2.0,False,3.9688258620712986,0.039688258620712985,0.7133873268742834,1.4267746537485668
S20Y,2032-07-31,9.008219178082191,2.0,False,3.969711909564012,0.03969711909564012,0.6993525157097479,1.3987050314194958
S20Y,2033-01-31,9.512328767123288,2.0,False,3.9728339789251095,0.039728339789251096,0.6852928392986609,1.3705856785973218
S20Y,2033-07-31,10.008219178082191,2.0,False,3.977479181349509,0.03977479181349509,0.6716117662306351,1.3432235324612702
S20Y,2034-01-31,10.512328767123288,2.0,False,3.983315497360309,0.03983315497360309,0.6578757331322995,1.315751466264599
S20Y,2034-07-31,11.008219178082191,2.0,False,3.989785056812252,0.03989785056812252,0.6445490952488677,1.2890981904977354
S20Y,2035-01-31,11.512328767123288,2.0,False,3.9968150492234145,0.03996815049223414,0.6312038003214724,1.2624076006429448
S20Y,2035-07-31,12.008219178082191,2.0,False,4.00396397606778,0.0400396397606778,0.6182856137855186,1.2365712275710372
S20Y,2036-01-31,12.512328767123288,2.0,False,4.011307242470366,0.04011307242470366,0.6053745327847251,1.2107490655694502
S20Y,2036-07-31,13.01095890410959,2.0,False,4.018529099880652,0.04018529099880652,0.592829068817846,1.185658137635692
S20Y,2037-01-31,13.515068493150684,2.0,False,4.025703271578777,0.040257032715787774,0.5803774829407796,1.1607549658815592
S20Y,2037-07-31,14.01095890410959,2.0,False,4.032578234888433,0.04032578234888433,0.5683585102996874,1.1367170205993748
S20Y,2038-01-31,14.515068493150684,2.0,False,4.039342791281797,0.04039342791281797,0.5563746543902064,1.1127493087804128
S20Y,2038-07-31,15.01095890410959,2.0,False,4.045752611366197,0.04045752611366197,0.5448164871465387,1.0896329742930775
S20Y,2039-01-31,15.515068493150684,2.0,False,4.052006954789249,0.04052006954789249,0.5332997370793247,1.0665994741586493
S20Y,2039-07-31,16.01095890410959,2.0,False,4.0578968988827455,0.04057896898882746,0.5221981294128997,1.0443962588257993
S20Y,2040-01-31,16.515068493150686,2.0,False,4.063618481083495,0.04063618481083495,0.511141215619161,1.022282431238322
S20Y,2040-07-31,17.013698630136986,2.0,False,4.069018951252929,0.040690189512529285,0.5004284629710141,1.0008569259420281
S20Y,2041-01-31,17.517808219178082,2.0,False,4.074224837801012,0.04074224837801012,0.48982117988010876,0.9796423597602175
S20Y,2041-07-31,18.013698630136986,2.0,False,4.079106212190595,0.040791062121905954,0.4796023768850578,0.9592047537701156
S20Y,2042-01-31,18.517808219178082,2.0,False,4.08383568195768,0.0408383568195768,0.46942963697111945,0.9388592739422389
S20Y,2042-07-31,19.013698630136986,2.0,False,4.088270160543971,0.040882701605439706,0.4596309622247914,0.9192619244495828
S20Y,2043-01-31,19.517808219178082,2.0,False,4.092568225564264,0.040925682255642644,0.4498776520561626,0.8997553041123252
S20Y,2043-07-31,20.013698630136986,102.0,True,4.096600970202417,0.040966009702024166,0.44048390501886364,44.92935831192409
S30Y,2024-01-31,0.5041095890410959,2.0,False,5.486811796843085,0.05486811796843085,0.9727194782267609,1.9454389564535217
S30Y,2024-07-31,1.0027397260273974,2.0,False,5.273949892054361,0.05273949892054361,0.9484900397671608,1.8969800795343217
S30Y,2025-01-31,1.5068493150684932,2.0,False,5.0532189219907195,0.050532189219907195,0.9266823888589617,1.8533647777179234
S30Y,2025-07-31,2.0027397260273974,2.0,False,4.849131394587857,0.04849131394587857,0.9074512068848468,1.8149024137696936
S30Y,2026-01-31,2.506849315068493,2.0,False,4.664352879588478,0.04664352879588478,0.8896489802970551,1.7792979605941102
S30Y,2026-07-31,3.0027397260273974,2.0,False,4.5084392005664995,0.045084392005665,0.8733868493426943,1.7467736986853886
S30Y,2027-01-31,3.506849315068493,2.0,False,4.376377867549309,0.04376377867549309,0.8577239419256203,1.7154478838512406
S30Y,2027-07-31,4.002739726027397,2.0,False,4.270751621560976,0.04270751621560976,0.8428661837179177,1.6857323674358353
S30Y,2028-01-31,4.506849315068493,2.0,False,4.185358982384514,0.04185358982384514,0.8280946474370411,1.6561892948740822
S30Y,2028-07-31,5.005479452054795,2.0,False,4.11969909193931,0.0411969909193931,0.8136616266061893,1.6273232532123787
S30Y,2029-01-31,5.50958904109589,2.0,False,4.0693001455783815,0.04069300145578381,0.7991539168814074,1.5983078337628147
S30Y,2029-07-31,6.005479452054795,2.0,False,4.032659120083736,0.040326591200837356,0.78491447606093,1.56982895212186
S30Y,2030-01-31,6.50958904109589,2.0,False,4.006073497348552,0.04006073497348552,0.7704512310973576,1.5409024621947152
S30Y,2030-07-31,7.005479452054795,2.0,False,3.988309907304483,0.03988309907304483,0.7562371730474641,1.5124743460949281
S30Y,2031-01-31,7.50958904109589,2.0,False,3.976968065042911,0.03976968065042911,0.741816064554912,1.483632129109824
S30Y,2031-07-31,8.005479452054795,2.0,False,3.970948791534738,0.03970948791534738,0.7276802898365218,1.4553605796730436
S30Y,2032-01-31,8.509589041095891,2.0,False,3.9688258620712986,0.039688258620712985,0.7133873268742834,1.4267746537485668
S30Y,2032-07-31,9.008219178082191,2.0,False,3.969711909564012,0.03969711909564012,0.6993525157097479,1.3987050314194958
S30Y,2033-01-31,9.512328767123288,2.0,False,3.9728339789251095,0.039728339789251096,0.6852928392986609,1.3705856785973218
S30Y,2033-07-31,10.008219178082191,2.0,False,3.977479181349509,0.03977479181349509,0.6716117662306351,1.3432235324612702
S30Y,2034-01-31,10.512328767123288,2.0,False,3.983315497360309,0.03983315497360309,0.6578757331322995,1.315751466264599
S30Y,2034-07-31,11.008219178082191,2.0,False,3.989785056812252,0.03989785056812252,0.6445490952488677,1.2890981904977354
S30Y,2035-01-31,11.512328767123288,2.0,False,3.9968150492234145,0.03996815049223414,0.6312038003214724,1.2624076006429448
S30Y,2035-07-31,12.008219178082191,2.0,False,4.00396397606778,0.0400396397606778,0.6182856137855186,1.2365712275710372
S30Y,2036-01-31,12.512328767123288,2.0,False,4.011307242470366,0.04011307242470366,0.6053745327847251,1.2107490655694502
S30Y,2036-07-31,13.01095890410959,2.0,False,4.018529099880652,0.04018529099880652,0.592829068817846,1.185658137635692
S30Y,2037-01-31,13.515068493150684,2.0,False,4.025703271578777,0.040257032715787774,0.5803774829407796,1.1607549658815592
S30Y,2037-07-31,14.01095890410959,2.0,False,4.032578234888433,0.04032578234888433,0.5683585102996874,1.1367170205993748
S30Y,2038-01-31,14.515068493150684,2.0,False,4.039342791281797,0.04039342791281797,0.5563746543902064,1.1127493087804128
S30Y,2038-07-31,15.01095890410959,2.0,False,4.045752611366197,0.04045752611366197,0.5448164871465387,1.0896329742930775
S30Y,2039-01-31,15.515068493150684,2.0,False,4.052006954789249,0.04052006954789249,0.5332997370793247,1.0665994741586493
S30Y,2039-07-31,16.01095890410959,2.0,False,4.0578968988827455,0.04057896898882746,0.5221981294128997,1.0443962588257993
S30Y,2040-01-31,16.515068493150686,2.0,False,4.063618481083495,0.04063618481083495,0.511141215619161,1.022282431238322
S30Y,2040-07-31,17.013698630136986,2.0,False,4.069018951252929,0.040690189512529285,0.5004284629710141,1.0008569259420281
S30Y,2041-01-31,17.517808219178082,2.0,False,4.074224837801012,0.04074224837801012,0.48982117988010876,0.9796423597602175
S30Y,2041-07-31,18.013698630136986,2.0,False,4.079106212190595,0.040791062121905954,0.4796023768850578,0.9592047537701156
S30Y,2042-01-31,18.517808219178082,2.0,False,4.08383568195768,0.0408383568195768,0.46942963697111945,0.9388592739422389
S30Y,2042-07-31,19.013698630136986,2.0,False,4.088270160543971,0.040882701605439706,0.4596309622247914,0.9192619244495828
S30Y,2043-01-31,19.517808219178082,2.0,False,4.092568225564264,0.040925682255642644,0.4498776520561626,0.8997553041123252
S30Y,2043-07-31,20.013698630136986,2.0,False,4.096600970202417,0.040966009702024166,0.44048390501886364,0.8809678100377273
S30Y,2044-01-31,20.517808219178082,2.0,False,4.100513298304918,0.041005132983049176,0.43113437844045444,0.8622687568809089
S30Y,2044-07-31,21.016438356164382,2.0,False,4.10420806122022,0.0410420806122022,0.42208086621799207,0.8441617324359841
S30Y,2045-01-31,21.52054794520548,2.0,False,4.107776840398969,0.041077768403989696,0.4131204490219222,0.8262408980438444
S30Y,2045-07-31,22.016438356164382,2.0,False,4.111133614096275,0.04111133614096275,0.4044912404841427,0.8089824809682854
S30Y,2046-01-31,22.52054794520548,2.0,False,4.114398900083529,0.04114398900083529,0.39590334454555,0.7918066890911
S30Y,2046-07-31,23.016438356164382,2.0,False,4.1174747203165225,0.041174747203165225,0.3876330901008367,0.7752661802016734
S30Y,2047-01-31,23.52054794520548,2.0,False,4.12047117576185,0.0412047117576185,0.379402588661779,0.758805177323558
S30Y,2047-07-31,24.016438356164382,2.0,False,4.123298002081356,0.041232980020813555,0.3714766303809408,0.7429532607618816
S30Y,2048-01-31,24.52054794520548,2.0,False,4.126056012058143,0.04126056012058143,0.36358886455548656,0.7271777291109731
S30Y,2048-07-31,25.019178082191782,2.0,False,4.128675866241679,0.04128675866241679,0.3559515092385945,0.711903018477189
S30Y,2049-01-31,25.523287671232875,2.0,False,4.131221347884207,0.04131221347884207,0.348393214992764,0.696786429985528
S30Y,2049-07-31,26.019178082191782,2.0,False,4.133629763767431,0.0413362976376743,0.3411147017487897,0.6822294034975794
S30Y,2050-01-31,26.523287671232875,2.0,False,4.13598631165155,0.041359863116515495,0.333871347450803,0.667742694901606
S30Y,2050-07-31,27.019178082191782,2.0,False,4.138219035019574,0.04138219035019574,0.3268961408861862,0.6537922817723724
S30Y,2051-01-31,27.523287671232875,2.0,False,4.1404066039988265,0.041404066039988266,0.3199546473136911,0.6399092946273822
S30Y,2051-07-31,28.019178082191782,2.0,False,4.142481934266698,0.04142481934266698,0.3132701410628535,0.626540282125707
S30Y,2052-01-31,28.523287671232875,2.0,False,4.1445178748402896,0.041445178748402894,0.3066179539540927,0.6132359079081854
S30Y,2052-07-31,29.02191780821918,2.0,False,4.146462240672918,0.04146462240672918,0.3001770344815048,0.6003540689630096
S30Y,2053-01-31,29.526027397260275,2.0,False,4.148361318018033,0.041483613180180325,0.29380285455909844,0.5876057091181969
S30Y,2053-07-31,30.02191780821918,102.0,True,4.150167284559188,0.041501672845591885,0.28766467184702854,29.341796528396912
