record,start,end,maturity_years,zero_continuous_percent,published_sveny_percent,difference_bp,difference_bp_rounded_2dp
level,2023-03-08,,0.5,5.083388673255358,,,
level,2023-03-08,,2.0,5.034290175176188,5.0343,-0.0009824823812287775,
level,2023-03-08,,5.0,4.28556288107007,4.2856,-0.003711892992974697,
level,2023-03-08,,10.0,3.9913892126139796,3.9914,-0.001078738602044993,
level,2023-03-08,,20.0,3.963523150540112,3.9635,0.0023150540112037987,
level,2023-03-08,,30.0,4.007480641241252,4.0075,-0.0019358758748033722,
level,2023-03-13,,0.5,4.707664503912404,,,
level,2023-03-13,,2.0,4.083012458078217,4.083,0.0012458078217036928,
level,2023-03-13,,5.0,3.660486658723669,3.6605,-0.001334127633079163,
level,2023-03-13,,10.0,3.577531160385382,3.5775,0.0031160385381756583,
level,2023-03-13,,20.0,3.7449097675200465,3.7449,0.0009767520046555234,
level,2023-03-13,,30.0,3.876063256183851,3.8761,-0.003674381614926503,
level,2023-07-31,,0.5,5.4884642521894875,,,
level,2023-07-31,,2.0,4.850203508372488,4.8502,0.0003508372487637246,
level,2023-07-31,,5.0,4.120329863306324,4.1203,0.0029863306323818506,
level,2023-07-31,,10.0,3.977392175268051,3.9774,-0.0007824731949046537,
level,2023-07-31,,20.0,4.096492071873854,4.0965,-0.0007928126145806402,
level,2023-07-31,,30.0,4.150088722574765,4.1501,-0.001127742523543418,
level,2023-10-19,,0.5,5.497454322709697,,,
level,2023-10-19,,2.0,5.112003365747218,5.112,0.00033657472178205694,
level,2023-10-19,,5.0,4.894647505682681,4.8946,0.004750568268097055,
level,2023-10-19,,10.0,5.0583665257407855,5.0584,-0.0033474259214294477,
level,2023-10-19,,20.0,5.290854588066792,5.2909,-0.004541193320761749,
level,2023-10-19,,30.0,5.088251965639523,5.0883,-0.004803436047762233,
shock,2023-03-08,2023-03-13,0.5,-0.3757241693429545,,-37.57241693429545,-37.57
shock,2023-03-08,2023-03-13,2.0,-0.9512777170979703,,-95.12777170979703,-95.13
shock,2023-03-08,2023-03-13,5.0,-0.6250762223464011,,-62.50762223464011,-62.51
shock,2023-03-08,2023-03-13,10.0,-0.41385805222859806,,-41.38580522285981,-41.39
shock,2023-03-08,2023-03-13,20.0,-0.2186133830200651,,-21.861338302006512,-21.86
shock,2023-03-08,2023-03-13,30.0,-0.13141738505740158,,-13.141738505740157,-13.14
shock,2023-07-31,2023-10-19,0.5,0.008990070520209503,,0.8990070520209503,0.9
shock,2023-07-31,2023-10-19,2.0,0.2617998573747296,,26.17998573747296,26.18
shock,2023-07-31,2023-10-19,5.0,0.7743176423763564,,77.43176423763563,77.43
shock,2023-07-31,2023-10-19,10.0,1.0809743504727347,,108.09743504727346,108.1
shock,2023-07-31,2023-10-19,20.0,1.1943625161929379,,119.43625161929378,119.44
shock,2023-07-31,2023-10-19,30.0,0.9381632430647574,,93.81632430647574,93.82
