book,instrument,node_years,kr01_dollars
current,S06M,0.5,3699.1948773647946
current,S06M,2.0,10.162623283016263
current,S06M,5.0,0.0
current,S06M,10.0,0.0
current,S06M,20.0,0.0
current,S06M,30.0,0.0
current,S02Y,0.5,0.0
current,S02Y,2.0,0.0
current,S02Y,5.0,0.0
current,S02Y,10.0,0.0
current,S02Y,20.0,0.0
current,S02Y,30.0,0.0
current,S03Y,0.5,0.0
current,S03Y,2.0,0.0
current,S03Y,5.0,0.0
current,S03Y,10.0,0.0
current,S03Y,20.0,0.0
current,S03Y,30.0,0.0
current,S05Y,0.5,0.0
current,S05Y,2.0,0.0
current,S05Y,5.0,0.0
current,S05Y,10.0,0.0
current,S05Y,20.0,0.0
current,S05Y,30.0,0.0
current,S07Y,0.5,0.0
current,S07Y,2.0,0.0
current,S07Y,5.0,0.0
current,S07Y,10.0,0.0
current,S07Y,20.0,0.0
current,S07Y,30.0,0.0
current,S10Y,0.5,0.0
current,S10Y,2.0,0.0
current,S10Y,5.0,0.0
current,S10Y,10.0,0.0
current,S10Y,20.0,0.0
current,S10Y,30.0,0.0
current,S20Y,0.5,0.0
current,S20Y,2.0,0.0
current,S20Y,5.0,0.0
current,S20Y,10.0,0.0
current,S20Y,20.0,0.0
current,S20Y,30.0,0.0
current,S30Y,0.5,86.00205758547561
current,S30Y,2.0,538.9828850235624
current,S30Y,5.0,1925.9701474947528
current,S30Y,10.0,5804.659823099583
current,S30Y,20.0,9387.47857442144
current,S30Y,30.0,28547.54209343525
current,BOOK,0.5,3785.19693495027
current,BOOK,2.0,549.1455083065787
current,BOOK,5.0,1925.9701474947528
current,BOOK,10.0,5804.659823099583
current,BOOK,20.0,9387.47857442144
current,BOOK,30.0,28547.54209343525
benchmark,S06M,0.5,0.0
benchmark,S06M,2.0,0.0
benchmark,S06M,5.0,0.0
benchmark,S06M,10.0,0.0
benchmark,S06M,20.0,0.0
benchmark,S06M,30.0,0.0
benchmark,S02Y,0.5,54.004373092103705
benchmark,S02Y,2.0,2862.577427576558
benchmark,S02Y,5.0,2.577340788219911
benchmark,S02Y,10.0,0.0
benchmark,S02Y,20.0,0.0
benchmark,S02Y,30.0,0.0
benchmark,S03Y,0.5,50.851111864542226
benchmark,S03Y,2.0,2858.366441529348
benchmark,S03Y,5.0,1367.6577489718986
benchmark,S03Y,10.0,0.0
benchmark,S03Y,20.0,0.0
benchmark,S03Y,30.0,0.0
benchmark,S05Y,0.5,95.69812726229404
benchmark,S05Y,2.0,599.749054514415
benchmark,S05Y,5.0,13056.336008661985
benchmark,S05Y,10.0,13.783474362225082
benchmark,S05Y,20.0,0.0
benchmark,S05Y,30.0,0.0
benchmark,S07Y,0.5,63.49178179557296
benchmark,S07Y,2.0,397.9088953101172
benchmark,S07Y,5.0,7441.966228476652
benchmark,S07Y,10.0,4470.838785402397
benchmark,S07Y,20.0,0.0
benchmark,S07Y,30.0,0.0
benchmark,S10Y,0.5,63.27609773563638
benchmark,S10Y,2.0,396.55718325913574
benchmark,S10Y,5.0,1417.0344141786852
benchmark,S10Y,10.0,14776.043814143357
benchmark,S10Y,20.0,11.28084940824448
benchmark,S10Y,30.0,0.0
benchmark,S20Y,0.5,0.0
benchmark,S20Y,2.0,0.0
benchmark,S20Y,5.0,0.0
benchmark,S20Y,10.0,0.0
benchmark,S20Y,20.0,0.0
benchmark,S20Y,30.0,0.0
benchmark,S30Y,0.5,0.0
benchmark,S30Y,2.0,0.0
benchmark,S30Y,5.0,0.0
benchmark,S30Y,10.0,0.0
benchmark,S30Y,20.0,0.0
benchmark,S30Y,30.0,0.0
benchmark,BOOK,0.5,327.3214917501493
benchmark,BOOK,2.0,7115.159002189574
benchmark,BOOK,5.0,23285.57174107744
benchmark,BOOK,10.0,19260.666073907978
benchmark,BOOK,20.0,11.28084940824448
benchmark,BOOK,30.0,0.0
candidate_10pct_s05y,S06M,0.5,3317.1203017205517
candidate_10pct_s05y,S06M,2.0,9.112967856088119
candidate_10pct_s05y,S06M,5.0,0.0
candidate_10pct_s05y,S06M,10.0,0.0
candidate_10pct_s05y,S06M,20.0,0.0
candidate_10pct_s05y,S06M,30.0,0.0
candidate_10pct_s05y,S02Y,0.5,0.0
candidate_10pct_s05y,S02Y,2.0,0.0
candidate_10pct_s05y,S02Y,5.0,0.0
candidate_10pct_s05y,S02Y,10.0,0.0
candidate_10pct_s05y,S02Y,20.0,0.0
candidate_10pct_s05y,S02Y,30.0,0.0
candidate_10pct_s05y,S03Y,0.5,0.0
candidate_10pct_s05y,S03Y,2.0,0.0
candidate_10pct_s05y,S03Y,5.0,0.0
candidate_10pct_s05y,S03Y,10.0,0.0
candidate_10pct_s05y,S03Y,20.0,0.0
candidate_10pct_s05y,S03Y,30.0,0.0
candidate_10pct_s05y,S05Y,0.5,31.89937575409801
candidate_10pct_s05y,S05Y,2.0,199.916351504805
candidate_10pct_s05y,S05Y,5.0,4352.112002887328
candidate_10pct_s05y,S05Y,10.0,4.594491454075027
candidate_10pct_s05y,S05Y,20.0,0.0
candidate_10pct_s05y,S05Y,30.0,0.0
candidate_10pct_s05y,S07Y,0.5,0.0
candidate_10pct_s05y,S07Y,2.0,0.0
candidate_10pct_s05y,S07Y,5.0,0.0
candidate_10pct_s05y,S07Y,10.0,0.0
candidate_10pct_s05y,S07Y,20.0,0.0
candidate_10pct_s05y,S07Y,30.0,0.0
candidate_10pct_s05y,S10Y,0.5,0.0
candidate_10pct_s05y,S10Y,2.0,0.0
candidate_10pct_s05y,S10Y,5.0,0.0
candidate_10pct_s05y,S10Y,10.0,0.0
candidate_10pct_s05y,S10Y,20.0,0.0
candidate_10pct_s05y,S10Y,30.0,0.0
candidate_10pct_s05y,S20Y,0.5,0.0
candidate_10pct_s05y,S20Y,2.0,0.0
candidate_10pct_s05y,S20Y,5.0,0.0
candidate_10pct_s05y,S20Y,10.0,0.0
candidate_10pct_s05y,S20Y,20.0,0.0
candidate_10pct_s05y,S20Y,30.0,0.0
candidate_10pct_s05y,S30Y,0.5,78.18896921558931
candidate_10pct_s05y,S30Y,2.0,490.01753432413267
candidate_10pct_s05y,S30Y,5.0,1751.0002062792908
candidate_10pct_s05y,S30Y,10.0,5277.319879983327
candidate_10pct_s05y,S30Y,20.0,8534.64781976801
candidate_10pct_s05y,S30Y,30.0,25954.063804879428
candidate_10pct_s05y,BOOK,0.5,3427.2086466902388
candidate_10pct_s05y,BOOK,2.0,699.0468536850258
candidate_10pct_s05y,BOOK,5.0,6103.112209166619
candidate_10pct_s05y,BOOK,10.0,5281.914371437402
candidate_10pct_s05y,BOOK,20.0,8534.64781976801
candidate_10pct_s05y,BOOK,30.0,25954.063804879428
candidate_expanded_s05y,S06M,0.5,1996.8874807339848
candidate_expanded_s05y,S06M,2.0,5.485954613920611
candidate_expanded_s05y,S06M,5.0,0.0
candidate_expanded_s05y,S06M,10.0,0.0
candidate_expanded_s05y,S06M,20.0,0.0
candidate_expanded_s05y,S06M,30.0,0.0
candidate_expanded_s05y,S02Y,0.5,0.0
candidate_expanded_s05y,S02Y,2.0,0.0
candidate_expanded_s05y,S02Y,5.0,0.0
candidate_expanded_s05y,S02Y,10.0,0.0
candidate_expanded_s05y,S02Y,20.0,0.0
candidate_expanded_s05y,S02Y,30.0,0.0
candidate_expanded_s05y,S03Y,0.5,0.0
candidate_expanded_s05y,S03Y,2.0,0.0
candidate_expanded_s05y,S03Y,5.0,0.0
candidate_expanded_s05y,S03Y,10.0,0.0
candidate_expanded_s05y,S03Y,20.0,0.0
candidate_expanded_s05y,S03Y,30.0,0.0
candidate_expanded_s05y,S05Y,0.5,142.12550835800354
candidate_expanded_s05y,S05Y,2.0,890.7137652387314
candidate_expanded_s05y,S05Y,5.0,19390.54029174436
candidate_expanded_s05y,S05Y,10.0,20.4704455219011
candidate_expanded_s05y,S05Y,20.0,0.0
candidate_expanded_s05y,S05Y,30.0,0.0
candidate_expanded_s05y,S07Y,0.5,0.0
candidate_expanded_s05y,S07Y,2.0,0.0
candidate_expanded_s05y,S07Y,5.0,0.0
candidate_expanded_s05y,S07Y,10.0,0.0
candidate_expanded_s05y,S07Y,20.0,0.0
candidate_expanded_s05y,S07Y,30.0,0.0
candidate_expanded_s05y,S10Y,0.5,0.0
candidate_expanded_s05y,S10Y,2.0,0.0
candidate_expanded_s05y,S10Y,5.0,0.0
candidate_expanded_s05y,S10Y,10.0,0.0
candidate_expanded_s05y,S10Y,20.0,0.0
candidate_expanded_s05y,S10Y,30.0,0.0
candidate_expanded_s05y,S20Y,0.5,0.0
candidate_expanded_s05y,S20Y,2.0,0.0
candidate_expanded_s05y,S20Y,5.0,0.0
candidate_expanded_s05y,S20Y,10.0,0.0
candidate_expanded_s05y,S20Y,20.0,0.0
candidate_expanded_s05y,S20Y,30.0,0.0
candidate_expanded_s05y,S30Y,0.5,51.19137147750557
candidate_expanded_s05y,S30Y,2.0,320.8210810518862
candidate_expanded_s05y,S30Y,5.0,1146.4034238599531
candidate_expanded_s05y,S30Y,10.0,3455.1324194716267
candidate_expanded_s05y,S30Y,20.0,5587.748903131953
candidate_expanded_s05y,S30Y,30.0,16992.475216332223
candidate_expanded_s05y,BOOK,0.5,2190.204360569494
candidate_expanded_s05y,BOOK,2.0,1217.0208009045382
candidate_expanded_s05y,BOOK,5.0,20536.943715604313
candidate_expanded_s05y,BOOK,10.0,3475.602864993528
candidate_expanded_s05y,BOOK,20.0,5587.748903131953
candidate_expanded_s05y,BOOK,30.0,16992.475216332223
control_2y20y,S06M,0.5,0.0
control_2y20y,S06M,2.0,0.0
control_2y20y,S06M,5.0,0.0
control_2y20y,S06M,10.0,0.0
control_2y20y,S06M,20.0,0.0
control_2y20y,S06M,30.0,0.0
control_2y20y,S02Y,0.5,266.78164131488705
control_2y20y,S02Y,2.0,14141.134519187372
control_2y20y,S02Y,5.0,12.73206531879265
control_2y20y,S02Y,10.0,0.0
control_2y20y,S02Y,20.0,0.0
control_2y20y,S02Y,30.0,0.0
control_2y20y,S03Y,0.5,0.0
control_2y20y,S03Y,2.0,0.0
control_2y20y,S03Y,5.0,0.0
control_2y20y,S03Y,10.0,0.0
control_2y20y,S03Y,20.0,0.0
control_2y20y,S03Y,30.0,0.0
control_2y20y,S05Y,0.5,0.0
control_2y20y,S05Y,2.0,0.0
control_2y20y,S05Y,5.0,0.0
control_2y20y,S05Y,10.0,0.0
control_2y20y,S05Y,20.0,0.0
control_2y20y,S05Y,30.0,0.0
control_2y20y,S07Y,0.5,0.0
control_2y20y,S07Y,2.0,0.0
control_2y20y,S07Y,5.0,0.0
control_2y20y,S07Y,10.0,0.0
control_2y20y,S07Y,20.0,0.0
control_2y20y,S07Y,30.0,0.0
control_2y20y,S10Y,0.5,0.0
control_2y20y,S10Y,2.0,0.0
control_2y20y,S10Y,5.0,0.0
control_2y20y,S10Y,10.0,0.0
control_2y20y,S10Y,20.0,0.0
control_2y20y,S10Y,30.0,0.0
control_2y20y,S20Y,0.5,82.35139917288384
control_2y20y,S20Y,2.0,516.1038695844325
control_2y20y,S20Y,5.0,1844.2156020930513
control_2y20y,S20Y,10.0,5558.260715794844
control_2y20y,S20Y,20.0,27546.325789489256
control_2y20y,S20Y,30.0,32.092543732327634
control_2y20y,S30Y,0.5,0.0
control_2y20y,S30Y,2.0,0.0
control_2y20y,S30Y,5.0,0.0
control_2y20y,S30Y,10.0,0.0
control_2y20y,S30Y,20.0,0.0
control_2y20y,S30Y,30.0,0.0
control_2y20y,BOOK,0.5,349.1330404877709
control_2y20y,BOOK,2.0,14657.238388771804
control_2y20y,BOOK,5.0,1856.947667411844
control_2y20y,BOOK,10.0,5558.260715794844
control_2y20y,BOOK,20.0,27546.325789489256
control_2y20y,BOOK,30.0,32.092543732327634
