book,instrument,market_value_weight,market_value,face,dirty_per_100,dv01
current,S06M,0.7358236343314039,73582363.43314038,73891112.58247097,99.58215658346464,3709.357500663562
current,S02Y,0.0,0.0,0.0,99.19464269439457,0.0
current,S03Y,0.0,0.0,0.0,99.06524018894658,0.0
current,S05Y,0.0,0.0,0.0,99.08761334674742,0.0
current,S07Y,0.0,0.0,0.0,99.56668158504922,0.0
current,S10Y,0.0,0.0,0.0,99.58242250837584,0.0
current,S20Y,0.0,0.0,0.0,98.18155286117158,0.0
current,S30Y,0.26417636566859615,26417636.566859614,27208668.504053056,97.0927208838771,46290.64249933645
benchmark,S06M,0.0,0.0,0.0,99.58215658346464,0.0
benchmark,S02Y,0.15064789636113124,15064789.636113124,15187100.055923106,99.19464269439457,2919.1591416662286
benchmark,S03Y,0.15,15000000.0,15141537.002676807,99.06524018894658,4276.875343514624
benchmark,S05Y,0.3,30000000.0,30276236.33946852,99.08761334674742,13765.566678577563
benchmark,S07Y,0.2,20000000.0,20087040.847008776,99.56668158504922,12374.206355771466
benchmark,S10Y,0.19935210363886874,19935210.363886874,20018804.385091286,99.58242250837584,16664.192480470123
benchmark,S20Y,0.0,0.0,0.0,98.18155286117158,0.0
benchmark,S30Y,0.0,0.0,0.0,97.0927208838771,0.0
candidate_10pct_s05y,S06M,0.6598234472213773,65982344.722137734,66259204.44576306,99.58215658346464,3326.2332695907635
candidate_10pct_s05y,S02Y,0.0,0.0,0.0,99.19464269439457,0.0
candidate_10pct_s05y,S03Y,0.0,0.0,0.0,99.06524018894658,0.0
candidate_10pct_s05y,S05Y,0.1,10000000.0,10092078.77982284,99.08761334674742,4588.522226192521
candidate_10pct_s05y,S07Y,0.0,0.0,0.0,99.56668158504922,0.0
candidate_10pct_s05y,S10Y,0.0,0.0,0.0,99.58242250837584,0.0
candidate_10pct_s05y,S20Y,0.0,0.0,0.0,98.18155286117158,0.0
candidate_10pct_s05y,S30Y,0.24017655277862265,24017655.277862266,24736823.789898094,97.0927208838771,42085.244504216724
candidate_expanded_s05y,S06M,0.3972099476065699,39720994.76065699,39887662.733398326,99.58215658346464,2002.373435356408
candidate_expanded_s05y,S02Y,0.0,0.0,0.0,99.19464269439457,0.0
candidate_expanded_s05y,S03Y,0.0,0.0,0.0,99.06524018894658,0.0
candidate_expanded_s05y,S05Y,0.4455432277220821,44554322.772208214,44964573.539878,99.08761334674742,20443.850031323294
candidate_expanded_s05y,S07Y,0.0,0.0,0.0,99.56668158504922,0.0
candidate_expanded_s05y,S10Y,0.0,0.0,0.0,99.58242250837584,0.0
candidate_expanded_s05y,S20Y,0.0,0.0,0.0,98.18155286117158,0.0
candidate_expanded_s05y,S30Y,0.15724682467134798,15724682.467134798,16195531.780329358,97.0927208838771,27553.776533320302
control_2y20y,S06M,0.0,0.0,0.0,99.58215658346464,0.0
control_2y20y,S02Y,0.7442007146960848,74420071.46960849,75024285.03007644,99.19464269439457,14420.648226855226
control_2y20y,S03Y,0.0,0.0,0.0,99.06524018894658,0.0
control_2y20y,S05Y,0.0,0.0,0.0,99.08761334674742,0.0
control_2y20y,S07Y,0.0,0.0,0.0,99.56668158504922,0.0
control_2y20y,S10Y,0.0,0.0,0.0,99.58242250837584,0.0
control_2y20y,S20Y,0.25579928530391516,25579928.530391514,26053701.316541057,98.18155286117158,35579.35177314477
control_2y20y,S30Y,0.0,0.0,0.0,97.0927208838771,0.0
