instrument,scenario,dirty_base_per_100,dirty_shocked_per_100,full_reval_pnl_per_100,kr01_approx_pnl_per_100,cf_first_order_pnl_per_100
S06M,parallel_plus_100bp,99.58215658346464,99.08141658276033,-0.5007400007043117,-0.5020032005212727,-0.5020032003111643
S06M,parallel_minus_100bp,99.58215658346464,100.08542723579822,0.5032706523335833,0.5020032005212727,0.5020032003111643
S06M,twist_steepener,99.58215658346464,99.83347478034717,0.2513181968825364,0.25100160026063634,0.25100160015558215
S06M,twist_flattener,99.58215658346464,99.08141658276033,-0.5007400007043117,-0.5020032005212727,-0.5020032003111643
S06M,hist_2023_03_08_to_2023_03_13,99.58215658346464,99.7747645597102,0.19260797624556858,0.18940632380517236,0.1924219486096832
S06M,hist_2023_07_31_to_2023_10_19,99.58215658346464,99.57755091189092,-0.004605671573713721,-0.004860746426231837,-0.004605778083078145
S02Y,parallel_plus_100bp,99.19464269439457,97.29136686996797,-1.9032758244266006,-1.9221307100814045,-1.9221306976370756
S02Y,parallel_minus_100bp,99.19464269439457,101.13587990882154,1.9412372144269625,1.9221307100814045,1.9221306976370756
S02Y,twist_steepener,99.19464269439457,100.15950462891418,0.9648619345196039,0.9601107592402958,0.960110753018259
S02Y,twist_flattener,99.19464269439457,97.29230254268298,-1.9023401517115985,-1.921176114280998,-1.9211761018367968
S02Y,hist_2023_03_08_to_2023_03_13,99.19464269439457,101.03351556830091,1.8388728739063396,1.8074602082542732,1.8216149249428106
S02Y,hist_2023_07_31_to_2023_10_19,99.19464269439457,98.70197360586374,-0.4926690885308318,-0.49509356168075463,-0.4939542673876726
S03Y,parallel_plus_100bp,99.06524018894658,96.28177670076236,-2.7834634881842106,-2.824597860580269,-2.8245978466036368
S03Y,parallel_minus_100bp,99.06524018894658,101.93179548611987,2.866555297173292,2.824597860580269,2.8245978466036368
S03Y,twist_steepener,99.06524018894658,99.97367030672618,0.9084301177796021,0.9042213925469778,0.9042213864054133
S03Y,twist_flattener,99.06524018894658,96.77623390053243,-2.289006288414143,-2.3165203228371123,-2.316520309707232
S03Y,hist_2023_03_08_to_2023_03_13,99.06524018894658,101.39717511256933,2.331934923622754,2.373006540516915,2.3040986911649046
S03Y,hist_2023_07_31_to_2023_10_19,99.06524018894658,97.775604713626,-1.2896354753205799,-1.1939201451219092,-1.2986770278058253
S05Y,parallel_plus_100bp,99.08761334674742,94.64926945800119,-4.438343888746232,-4.546657157268896,-4.546656981145241
S05Y,parallel_minus_100bp,99.08761334674742,103.74619734445896,4.6585839977115455,4.546657157268896,4.546656981145241
S05Y,twist_steepener,99.08761334674742,98.92922031109758,-0.1583930356498371,-0.15922748079053584,-0.15922747035879004
S05Y,twist_flattener,99.08761334674742,96.99636502230628,-2.091248324441139,-2.1141010978439123,-2.114101020213831
S05Y,hist_2023_03_08_to_2023_03_13,99.08761334674742,102.0341677064583,2.9465543597108876,2.897782110116025,2.9019594108553908
S05Y,hist_2023_07_31_to_2023_10_19,99.08761334674742,95.7446931489551,-3.342920197792324,-3.396236352861151,-3.4065792296756983
S07Y,parallel_plus_100bp,99.56668158504922,93.60773874765647,-5.958942837392755,-6.160292989510907,-6.160292850656839
S07Y,parallel_minus_100bp,99.56668158504922,105.93772285357277,6.371041268523541,6.160292989510907,6.160292850656839
S07Y,twist_steepener,99.56668158504922,97.26132343692731,-2.305358148121911,-2.342436286144167,-2.342436251072064
S07Y,twist_flattener,99.56668158504922,98.83379445297777,-0.7328871320714541,-0.7377102086112863,-0.7377101742563557
S07Y,hist_2023_03_08_to_2023_03_13,99.56668158504922,102.95033420674059,3.3836526216913683,3.437273854116438,3.3247994383141317
S07Y,hist_2023_07_31_to_2023_10_19,99.56668158504922,94.150183615174,-5.416497969875223,-5.32684289633765,-5.590684911521989
S10Y,parallel_plus_100bp,99.58242250837584,91.63527662501295,-7.947145883362893,-8.32426954086003,-8.32426834637
S10Y,parallel_minus_100bp,99.58242250837584,108.30893158098189,8.72650907260605,8.32426954086003,8.32426834637
S10Y,twist_steepener,99.58242250837584,92.61423468766213,-6.968187820713709,-7.31610759174397,-7.3161064162265745
S10Y,twist_flattener,99.58242250837584,102.8296830057346,3.247260497358752,3.153972821313955,3.1539722430415753
S10Y,hist_2023_03_08_to_2023_03_13,99.58242250837584,103.3435170407546,3.7610945323787632,3.698730256105004,3.6878714648895214
S10Y,hist_2023_07_31_to_2023_10_19,99.58242250837584,91.38007415726887,-8.202348351106977,-8.585737527055608,-8.628630295496531
S20Y,parallel_plus_100bp,98.18155286117158,85.64081982815023,-12.540733033021354,-13.656159440684945,-13.656152798808748
S20Y,parallel_minus_100bp,98.18155286117158,113.10046358303308,14.918910721861494,13.656159440684945,13.656152798808748
S20Y,twist_steepener,98.18155286117158,86.61977789079941,-11.56177497037217,-12.647997491568486,-12.647990868665323
S20Y,twist_flattener,98.18155286117158,104.30163024765255,6.120077386480972,5.819917771226013,5.81991446926095
S20Y,hist_2023_03_08_to_2023_03_13,98.18155286117158,102.04377961528621,3.86222675411463,3.838694036036647,3.783533589986834
S20Y,hist_2023_07_31_to_2023_10_19,98.18155286117158,84.01315247566507,-14.168400385506516,-15.545817748893542,-15.70929283999726
S30Y,parallel_plus_100bp,97.0927208838771,81.95536573785458,-15.137355146022529,-17.013194002552723,-17.01317829780934
S30Y,parallel_minus_100bp,97.0927208838771,116.34813914092524,19.255418257048134,17.013194002552723,17.01317829780934
S30Y,twist_steepener,97.0927208838771,82.93432380050376,-14.158397083373345,-16.005032053436665,-16.005016367665917
S30Y,twist_flattener,97.0927208838771,105.12069020501141,8.027969321134307,7.498435052160302,7.498427218761247
S30Y,hist_2023_03_08_to_2023_03_13,97.0927208838771,100.74799320116495,3.6552723172878387,3.658793737697533,3.58410145414118
S30Y,hist_2023_07_31_to_2023_10_19,97.0927208838771,81.87946508081734,-15.213255803059766,-16.87042754363202,-17.103163542143694
