book,instrument,scenario,market_value,pnl_per_100_face,pnl_dollars
current,S06M,parallel_plus_100bp,73582363.43314038,-0.5007400007043117,-370002.35766588885
current,S06M,parallel_minus_100bp,73582363.43314038,0.5032706523335833,371872.284310344
current,S06M,twist_steepener,73582363.43314038,0.2513181968825364,185701.81179871102
current,S06M,twist_flattener,73582363.43314038,-0.5007400007043117,-370002.35766588885
current,S06M,hist_2023_03_08_to_2023_03_13,73582363.43314038,0.19260797624556858,142320.176570432
current,S06M,hist_2023_07_31_to_2023_10_19,73582363.43314038,-0.004605671573713721,-3403.1819677116678
current,S02Y,parallel_plus_100bp,0.0,-1.9032758244266006,-0.0
current,S02Y,parallel_minus_100bp,0.0,1.9412372144269625,0.0
current,S02Y,twist_steepener,0.0,0.9648619345196039,0.0
current,S02Y,twist_flattener,0.0,-1.9023401517115985,-0.0
current,S02Y,hist_2023_03_08_to_2023_03_13,0.0,1.8388728739063396,0.0
current,S02Y,hist_2023_07_31_to_2023_10_19,0.0,-0.4926690885308318,-0.0
current,S03Y,parallel_plus_100bp,0.0,-2.7834634881842106,-0.0
current,S03Y,parallel_minus_100bp,0.0,2.866555297173292,0.0
current,S03Y,twist_steepener,0.0,0.9084301177796021,0.0
current,S03Y,twist_flattener,0.0,-2.289006288414143,-0.0
current,S03Y,hist_2023_03_08_to_2023_03_13,0.0,2.331934923622754,0.0
current,S03Y,hist_2023_07_31_to_2023_10_19,0.0,-1.2896354753205799,-0.0
current,S05Y,parallel_plus_100bp,0.0,-4.438343888746232,-0.0
current,S05Y,parallel_minus_100bp,0.0,4.6585839977115455,0.0
current,S05Y,twist_steepener,0.0,-0.1583930356498371,-0.0
current,S05Y,twist_flattener,0.0,-2.091248324441139,-0.0
current,S05Y,hist_2023_03_08_to_2023_03_13,0.0,2.9465543597108876,0.0
current,S05Y,hist_2023_07_31_to_2023_10_19,0.0,-3.342920197792324,-0.0
current,S07Y,parallel_plus_100bp,0.0,-5.958942837392755,-0.0
current,S07Y,parallel_minus_100bp,0.0,6.371041268523541,0.0
current,S07Y,twist_steepener,0.0,-2.305358148121911,-0.0
current,S07Y,twist_flattener,0.0,-0.7328871320714541,-0.0
current,S07Y,hist_2023_03_08_to_2023_03_13,0.0,3.3836526216913683,0.0
current,S07Y,hist_2023_07_31_to_2023_10_19,0.0,-5.416497969875223,-0.0
current,S10Y,parallel_plus_100bp,0.0,-7.947145883362893,-0.0
current,S10Y,parallel_minus_100bp,0.0,8.72650907260605,0.0
current,S10Y,twist_steepener,0.0,-6.968187820713709,-0.0
current,S10Y,twist_flattener,0.0,3.247260497358752,0.0
current,S10Y,hist_2023_03_08_to_2023_03_13,0.0,3.7610945323787632,0.0
current,S10Y,hist_2023_07_31_to_2023_10_19,0.0,-8.202348351106977,-0.0
current,S20Y,parallel_plus_100bp,0.0,-12.540733033021354,-0.0
current,S20Y,parallel_minus_100bp,0.0,14.918910721861494,0.0
current,S20Y,twist_steepener,0.0,-11.56177497037217,-0.0
current,S20Y,twist_flattener,0.0,6.120077386480972,0.0
current,S20Y,hist_2023_03_08_to_2023_03_13,0.0,3.86222675411463,0.0
current,S20Y,hist_2023_07_31_to_2023_10_19,0.0,-14.168400385506516,-0.0
current,S30Y,parallel_plus_100bp,26417636.566859614,-15.137355146022529,-4118672.7819624864
current,S30Y,parallel_minus_100bp,26417636.566859614,19.255418257048134,5239142.9226291375
current,S30Y,twist_steepener,26417636.566859614,-14.158397083373345,-3852311.32790257
current,S30Y,twist_flattener,26417636.566859614,8.027969321134307,2184303.5601945124
current,S30Y,hist_2023_03_08_to_2023_03_13,26417636.566859614,3.6552723172878387,994550.9277312665
current,S30Y,hist_2023_07_31_to_2023_10_19,26417636.566859614,-15.213255803059766,-4139324.3401281466
benchmark,S06M,parallel_plus_100bp,0.0,-0.5007400007043117,-0.0
benchmark,S06M,parallel_minus_100bp,0.0,0.5032706523335833,0.0
benchmark,S06M,twist_steepener,0.0,0.2513181968825364,0.0
benchmark,S06M,twist_flattener,0.0,-0.5007400007043117,-0.0
benchmark,S06M,hist_2023_03_08_to_2023_03_13,0.0,0.19260797624556858,0.0
benchmark,S06M,hist_2023_07_31_to_2023_10_19,0.0,-0.004605671573713721,-0.0
benchmark,S02Y,parallel_plus_100bp,15064789.636113124,-1.9032758244266006,-289052.4037958632
benchmark,S02Y,parallel_minus_100bp,15064789.636113124,1.9412372144269625,294817.63807783736
benchmark,S02Y,twist_steepener,15064789.636113124,0.9648619345196039,146534.54739700753
benchmark,S02Y,twist_flattener,15064789.636113124,-1.9023401517115985,-288910.3022444399
benchmark,S02Y,hist_2023_03_08_to_2023_03_13,15064789.636113124,1.8388728739063396,279271.4632613845
benchmark,S02Y,hist_2023_07_31_to_2023_10_19,15064789.636113124,-0.4926690885308318,-74822.14741978182
benchmark,S03Y,parallel_plus_100bp,15000000.0,-2.7834634881842106,-421459.15401941084
benchmark,S03Y,parallel_minus_100bp,15000000.0,2.866555297173292,434040.5310236861
benchmark,S03Y,twist_steepener,15000000.0,0.9084301177796021,137550.28242705896
benchmark,S03Y,twist_flattener,15000000.0,-2.289006288414143,-346590.73415382643
benchmark,S03Y,hist_2023_03_08_to_2023_03_13,15000000.0,2.331934923622754,353090.78933868237
benchmark,S03Y,hist_2023_07_31_to_2023_10_19,15000000.0,-1.2896354753205799,-195270.63269531252
benchmark,S05Y,parallel_plus_100bp,30000000.0,-4.438343888746232,-1343763.4853151669
benchmark,S05Y,parallel_minus_100bp,30000000.0,4.6585839977115455,1410443.9012198083
benchmark,S05Y,twist_steepener,30000000.0,-0.1583930356498371,-47955.44981860331
benchmark,S05Y,twist_flattener,30000000.0,-2.091248324441139,-633151.2851529747
benchmark,S05Y,hist_2023_03_08_to_2023_03_13,30000000.0,2.9465543597108876,892105.7618169817
benchmark,S05Y,hist_2023_07_31_to_2023_10_19,30000000.0,-3.342920197792324,-1012110.4197234326
benchmark,S07Y,parallel_plus_100bp,20000000.0,-5.958942837392755,-1196975.2817969862
benchmark,S07Y,parallel_minus_100bp,20000000.0,6.371041268523541,1279753.6619881096
benchmark,S07Y,twist_steepener,20000000.0,-2.305358148121911,-463078.23288309335
benchmark,S07Y,twist_flattener,20000000.0,-0.7328871320714541,-147215.33758166412
benchmark,S07Y,hist_2023_03_08_to_2023_03_13,20000000.0,3.3836526216913683,679675.6842400284
benchmark,S07Y,hist_2023_07_31_to_2023_10_19,20000000.0,-5.416497969875223,-1088014.159686237
benchmark,S10Y,parallel_plus_100bp,19935210.363886874,-7.947145883362893,-1590923.5885882524
benchmark,S10Y,parallel_minus_100bp,19935210.363886874,8.72650907260605,1746942.7808922487
benchmark,S10Y,twist_steepener,19935210.363886874,-6.968187820713709,-1394947.889014433
benchmark,S10Y,twist_flattener,19935210.363886874,3.247260497358752,650062.7268405909
benchmark,S10Y,hist_2023_03_08_to_2023_03_13,19935210.363886874,3.7610945323787632,752926.1571752684
benchmark,S10Y,hist_2023_07_31_to_2023_10_19,19935210.363886874,-8.202348351106977,-1642012.0713918663
benchmark,S20Y,parallel_plus_100bp,0.0,-12.540733033021354,-0.0
benchmark,S20Y,parallel_minus_100bp,0.0,14.918910721861494,0.0
benchmark,S20Y,twist_steepener,0.0,-11.56177497037217,-0.0
benchmark,S20Y,twist_flattener,0.0,6.120077386480972,0.0
benchmark,S20Y,hist_2023_03_08_to_2023_03_13,0.0,3.86222675411463,0.0
benchmark,S20Y,hist_2023_07_31_to_2023_10_19,0.0,-14.168400385506516,-0.0
benchmark,S30Y,parallel_plus_100bp,0.0,-15.137355146022529,-0.0
benchmark,S30Y,parallel_minus_100bp,0.0,19.255418257048134,0.0
benchmark,S30Y,twist_steepener,0.0,-14.158397083373345,-0.0
benchmark,S30Y,twist_flattener,0.0,8.027969321134307,0.0
benchmark,S30Y,hist_2023_03_08_to_2023_03_13,0.0,3.6552723172878387,0.0
benchmark,S30Y,hist_2023_07_31_to_2023_10_19,0.0,-15.213255803059766,-0.0
candidate_10pct_s05y,S06M,parallel_plus_100bp,65982344.722137734,-0.5007400007043117,-331786.3408083853
candidate_10pct_s05y,S06M,parallel_minus_100bp,65982344.722137734,0.5032706523335833,333463.13044523436
candidate_10pct_s05y,S06M,twist_steepener,65982344.722137734,0.2513181968825364,166521.43788180515
candidate_10pct_s05y,S06M,twist_flattener,65982344.722137734,-0.5007400007043117,-331786.3408083853
candidate_10pct_s05y,S06M,hist_2023_03_08_to_2023_03_13,65982344.722137734,0.19260797624556858,127620.51275939803
candidate_10pct_s05y,S06M,hist_2023_07_31_to_2023_10_19,65982344.722137734,-0.004605671573713721,-3051.6813441273675
candidate_10pct_s05y,S02Y,parallel_plus_100bp,0.0,-1.9032758244266006,-0.0
candidate_10pct_s05y,S02Y,parallel_minus_100bp,0.0,1.9412372144269625,0.0
candidate_10pct_s05y,S02Y,twist_steepener,0.0,0.9648619345196039,0.0
candidate_10pct_s05y,S02Y,twist_flattener,0.0,-1.9023401517115985,-0.0
candidate_10pct_s05y,S02Y,hist_2023_03_08_to_2023_03_13,0.0,1.8388728739063396,0.0
candidate_10pct_s05y,S02Y,hist_2023_07_31_to_2023_10_19,0.0,-0.4926690885308318,-0.0
candidate_10pct_s05y,S03Y,parallel_plus_100bp,0.0,-2.7834634881842106,-0.0
candidate_10pct_s05y,S03Y,parallel_minus_100bp,0.0,2.866555297173292,0.0
candidate_10pct_s05y,S03Y,twist_steepener,0.0,0.9084301177796021,0.0
candidate_10pct_s05y,S03Y,twist_flattener,0.0,-2.289006288414143,-0.0
candidate_10pct_s05y,S03Y,hist_2023_03_08_to_2023_03_13,0.0,2.331934923622754,0.0
candidate_10pct_s05y,S03Y,hist_2023_07_31_to_2023_10_19,0.0,-1.2896354753205799,-0.0
candidate_10pct_s05y,S05Y,parallel_plus_100bp,10000000.0,-4.438343888746232,-447921.1617717223
candidate_10pct_s05y,S05Y,parallel_minus_100bp,10000000.0,4.6585839977115455,470147.9670732694
candidate_10pct_s05y,S05Y,twist_steepener,10000000.0,-0.1583930356498371,-15985.149939534434
candidate_10pct_s05y,S05Y,twist_flattener,10000000.0,-2.091248324441139,-211050.42838432488
candidate_10pct_s05y,S05Y,hist_2023_03_08_to_2023_03_13,10000000.0,2.9465543597108876,297368.5872723272
candidate_10pct_s05y,S05Y,hist_2023_07_31_to_2023_10_19,10000000.0,-3.342920197792324,-337370.13990781084
candidate_10pct_s05y,S07Y,parallel_plus_100bp,0.0,-5.958942837392755,-0.0
candidate_10pct_s05y,S07Y,parallel_minus_100bp,0.0,6.371041268523541,0.0
candidate_10pct_s05y,S07Y,twist_steepener,0.0,-2.305358148121911,-0.0
candidate_10pct_s05y,S07Y,twist_flattener,0.0,-0.7328871320714541,-0.0
candidate_10pct_s05y,S07Y,hist_2023_03_08_to_2023_03_13,0.0,3.3836526216913683,0.0
candidate_10pct_s05y,S07Y,hist_2023_07_31_to_2023_10_19,0.0,-5.416497969875223,-0.0
candidate_10pct_s05y,S10Y,parallel_plus_100bp,0.0,-7.947145883362893,-0.0
candidate_10pct_s05y,S10Y,parallel_minus_100bp,0.0,8.72650907260605,0.0
candidate_10pct_s05y,S10Y,twist_steepener,0.0,-6.968187820713709,-0.0
candidate_10pct_s05y,S10Y,twist_flattener,0.0,3.247260497358752,0.0
candidate_10pct_s05y,S10Y,hist_2023_03_08_to_2023_03_13,0.0,3.7610945323787632,0.0
candidate_10pct_s05y,S10Y,hist_2023_07_31_to_2023_10_19,0.0,-8.202348351106977,-0.0
candidate_10pct_s05y,S20Y,parallel_plus_100bp,0.0,-12.540733033021354,-0.0
candidate_10pct_s05y,S20Y,parallel_minus_100bp,0.0,14.918910721861494,0.0
candidate_10pct_s05y,S20Y,twist_steepener,0.0,-11.56177497037217,-0.0
candidate_10pct_s05y,S20Y,twist_flattener,0.0,6.120077386480972,0.0
candidate_10pct_s05y,S20Y,hist_2023_03_08_to_2023_03_13,0.0,3.86222675411463,0.0
candidate_10pct_s05y,S20Y,hist_2023_07_31_to_2023_10_19,0.0,-14.168400385506516,-0.0
candidate_10pct_s05y,S30Y,parallel_plus_100bp,24017655.277862266,-15.137355146022529,-3744500.8689226643
candidate_10pct_s05y,S30Y,parallel_minus_100bp,24017655.277862266,19.255418257048134,4763178.884253864
candidate_10pct_s05y,S30Y,twist_steepener,24017655.277862266,-14.158397083373345,-3502337.7379881353
candidate_10pct_s05y,S30Y,twist_flattener,24017655.277862266,8.027969321134307,1985864.6248760717
candidate_10pct_s05y,S30Y,hist_2023_03_08_to_2023_03_13,24017655.277862266,3.6552723172878387,904198.2721684175
candidate_10pct_s05y,S30Y,hist_2023_07_31_to_2023_10_19,24017655.277862266,-15.213255803059766,-3763276.2807093407
candidate_expanded_s05y,S06M,parallel_plus_100bp,39720994.76065699,-0.5007400007043117,-199733.48265215225
candidate_expanded_s05y,S06M,parallel_minus_100bp,39720994.76065699,0.5032706523335833,200742.90043899333
candidate_expanded_s05y,S06M,twist_steepener,39720994.76065699,0.2513181968825364,100244.95476016411
candidate_expanded_s05y,S06M,twist_flattener,39720994.76065699,-0.5007400007043117,-199733.48265215225
candidate_expanded_s05y,S06M,hist_2023_03_08_to_2023_03_13,39720994.76065699,0.19260797624556858,76826.81996245636
candidate_expanded_s05y,S06M,hist_2023_07_31_to_2023_10_19,39720994.76065699,-0.004605671573713721,-1837.0947439309282
candidate_expanded_s05y,S02Y,parallel_plus_100bp,0.0,-1.9032758244266006,-0.0
candidate_expanded_s05y,S02Y,parallel_minus_100bp,0.0,1.9412372144269625,0.0
candidate_expanded_s05y,S02Y,twist_steepener,0.0,0.9648619345196039,0.0
candidate_expanded_s05y,S02Y,twist_flattener,0.0,-1.9023401517115985,-0.0
candidate_expanded_s05y,S02Y,hist_2023_03_08_to_2023_03_13,0.0,1.8388728739063396,0.0
candidate_expanded_s05y,S02Y,hist_2023_07_31_to_2023_10_19,0.0,-0.4926690885308318,-0.0
candidate_expanded_s05y,S03Y,parallel_plus_100bp,0.0,-2.7834634881842106,-0.0
candidate_expanded_s05y,S03Y,parallel_minus_100bp,0.0,2.866555297173292,0.0
candidate_expanded_s05y,S03Y,twist_steepener,0.0,0.9084301177796021,0.0
candidate_expanded_s05y,S03Y,twist_flattener,0.0,-2.289006288414143,-0.0
candidate_expanded_s05y,S03Y,hist_2023_03_08_to_2023_03_13,0.0,2.331934923622754,0.0
candidate_expanded_s05y,S03Y,hist_2023_07_31_to_2023_10_19,0.0,-1.2896354753205799,-0.0
candidate_expanded_s05y,S05Y,parallel_plus_100bp,44554322.772208214,-4.438343888746232,-1995682.4018079806
candidate_expanded_s05y,S05Y,parallel_minus_100bp,44554322.772208214,4.6585839977115455,2094712.4275679966
candidate_expanded_s05y,S05Y,twist_steepener,44554322.772208214,-0.1583930356498371,-71220.75299681618
candidate_expanded_s05y,S05Y,twist_flattener,44554322.772208214,-2.091248324441139,-940320.8907448025
candidate_expanded_s05y,S05Y,hist_2023_03_08_to_2023_03_13,44554322.772208214,2.9465543597108876,1324905.6019646835
candidate_expanded_s05y,S05Y,hist_2023_07_31_to_2023_10_19,44554322.772208214,-3.342920197792324,-1503129.8107157648
candidate_expanded_s05y,S07Y,parallel_plus_100bp,0.0,-5.958942837392755,-0.0
candidate_expanded_s05y,S07Y,parallel_minus_100bp,0.0,6.371041268523541,0.0
candidate_expanded_s05y,S07Y,twist_steepener,0.0,-2.305358148121911,-0.0
candidate_expanded_s05y,S07Y,twist_flattener,0.0,-0.7328871320714541,-0.0
candidate_expanded_s05y,S07Y,hist_2023_03_08_to_2023_03_13,0.0,3.3836526216913683,0.0
candidate_expanded_s05y,S07Y,hist_2023_07_31_to_2023_10_19,0.0,-5.416497969875223,-0.0
candidate_expanded_s05y,S10Y,parallel_plus_100bp,0.0,-7.947145883362893,-0.0
candidate_expanded_s05y,S10Y,parallel_minus_100bp,0.0,8.72650907260605,0.0
candidate_expanded_s05y,S10Y,twist_steepener,0.0,-6.968187820713709,-0.0
candidate_expanded_s05y,S10Y,twist_flattener,0.0,3.247260497358752,0.0
candidate_expanded_s05y,S10Y,hist_2023_03_08_to_2023_03_13,0.0,3.7610945323787632,0.0
candidate_expanded_s05y,S10Y,hist_2023_07_31_to_2023_10_19,0.0,-8.202348351106977,-0.0
candidate_expanded_s05y,S20Y,parallel_plus_100bp,0.0,-12.540733033021354,-0.0
candidate_expanded_s05y,S20Y,parallel_minus_100bp,0.0,14.918910721861494,0.0
candidate_expanded_s05y,S20Y,twist_steepener,0.0,-11.56177497037217,-0.0
candidate_expanded_s05y,S20Y,twist_flattener,0.0,6.120077386480972,0.0
candidate_expanded_s05y,S20Y,hist_2023_03_08_to_2023_03_13,0.0,3.86222675411463,0.0
candidate_expanded_s05y,S20Y,hist_2023_07_31_to_2023_10_19,0.0,-14.168400385506516,-0.0
candidate_expanded_s05y,S30Y,parallel_plus_100bp,15724682.467134798,-15.137355146022529,-2451575.1633754
candidate_expanded_s05y,S30Y,parallel_minus_100bp,15724682.467134798,19.255418257048134,3118517.383255572
candidate_expanded_s05y,S30Y,twist_steepener,15724682.467134798,-14.158397083373345,-2293027.699222955
candidate_expanded_s05y,S30Y,twist_flattener,15724682.467134798,8.027969321134307,1300172.3227193977
candidate_expanded_s05y,S30Y,hist_2023_03_08_to_2023_03_13,15724682.467134798,3.6552723172878387,591990.7898039334
candidate_expanded_s05y,S30Y,hist_2023_07_31_to_2023_10_19,15724682.467134798,-15.213255803059766,-2463867.678407345
control_2y20y,S06M,parallel_plus_100bp,0.0,-0.5007400007043117,-0.0
control_2y20y,S06M,parallel_minus_100bp,0.0,0.5032706523335833,0.0
control_2y20y,S06M,twist_steepener,0.0,0.2513181968825364,0.0
control_2y20y,S06M,twist_flattener,0.0,-0.5007400007043117,-0.0
control_2y20y,S06M,hist_2023_03_08_to_2023_03_13,0.0,0.19260797624556858,0.0
control_2y20y,S06M,hist_2023_07_31_to_2023_10_19,0.0,-0.004605671573713721,-0.0
control_2y20y,S02Y,parallel_plus_100bp,74420071.46960849,-1.9032758244266006,-1427919.07942635
control_2y20y,S02Y,parallel_minus_100bp,74420071.46960849,1.9412372144269625,1456399.3408616006
control_2y20y,S02Y,twist_steepener,74420071.46960849,0.9648619345196039,723880.7679006972
control_2y20y,S02Y,twist_flattener,74420071.46960849,-1.9023401517115985,-1427217.0976616982
control_2y20y,S02Y,hist_2023_03_08_to_2023_03_13,74420071.46960849,1.8388728739063396,1379601.2262602504
control_2y20y,S02Y,hist_2023_07_31_to_2023_10_19,74420071.46960849,-0.4926690885308318,-369621.4612344509
control_2y20y,S03Y,parallel_plus_100bp,0.0,-2.7834634881842106,-0.0
control_2y20y,S03Y,parallel_minus_100bp,0.0,2.866555297173292,0.0
control_2y20y,S03Y,twist_steepener,0.0,0.9084301177796021,0.0
control_2y20y,S03Y,twist_flattener,0.0,-2.289006288414143,-0.0
control_2y20y,S03Y,hist_2023_03_08_to_2023_03_13,0.0,2.331934923622754,0.0
control_2y20y,S03Y,hist_2023_07_31_to_2023_10_19,0.0,-1.2896354753205799,-0.0
control_2y20y,S05Y,parallel_plus_100bp,0.0,-4.438343888746232,-0.0
control_2y20y,S05Y,parallel_minus_100bp,0.0,4.6585839977115455,0.0
control_2y20y,S05Y,twist_steepener,0.0,-0.1583930356498371,-0.0
control_2y20y,S05Y,twist_flattener,0.0,-2.091248324441139,-0.0
control_2y20y,S05Y,hist_2023_03_08_to_2023_03_13,0.0,2.9465543597108876,0.0
control_2y20y,S05Y,hist_2023_07_31_to_2023_10_19,0.0,-3.342920197792324,-0.0
control_2y20y,S07Y,parallel_plus_100bp,0.0,-5.958942837392755,-0.0
control_2y20y,S07Y,parallel_minus_100bp,0.0,6.371041268523541,0.0
control_2y20y,S07Y,twist_steepener,0.0,-2.305358148121911,-0.0
control_2y20y,S07Y,twist_flattener,0.0,-0.7328871320714541,-0.0
control_2y20y,S07Y,hist_2023_03_08_to_2023_03_13,0.0,3.3836526216913683,0.0
control_2y20y,S07Y,hist_2023_07_31_to_2023_10_19,0.0,-5.416497969875223,-0.0
control_2y20y,S10Y,parallel_plus_100bp,0.0,-7.947145883362893,-0.0
control_2y20y,S10Y,parallel_minus_100bp,0.0,8.72650907260605,0.0
control_2y20y,S10Y,twist_steepener,0.0,-6.968187820713709,-0.0
control_2y20y,S10Y,twist_flattener,0.0,3.247260497358752,0.0
control_2y20y,S10Y,hist_2023_03_08_to_2023_03_13,0.0,3.7610945323787632,0.0
control_2y20y,S10Y,hist_2023_07_31_to_2023_10_19,0.0,-8.202348351106977,-0.0
control_2y20y,S20Y,parallel_plus_100bp,25579928.530391514,-12.540733033021354,-3267325.127328184
control_2y20y,S20Y,parallel_minus_100bp,25579928.530391514,14.918910721861494,3886928.439155213
control_2y20y,S20Y,twist_steepener,25579928.530391514,-11.56177497037217,-3012270.3176713684
control_2y20y,S20Y,twist_flattener,25579928.530391514,6.120077386480972,1594506.6826149246
control_2y20y,S20Y,hist_2023_03_08_to_2023_03_13,25579928.530391514,3.86222675411463,1006253.0226845643
control_2y20y,S20Y,hist_2023_07_31_to_2023_10_19,25579928.530391514,-14.168400385506516,-3691392.7177715194
control_2y20y,S30Y,parallel_plus_100bp,0.0,-15.137355146022529,-0.0
control_2y20y,S30Y,parallel_minus_100bp,0.0,19.255418257048134,0.0
control_2y20y,S30Y,twist_steepener,0.0,-14.158397083373345,-0.0
control_2y20y,S30Y,twist_flattener,0.0,8.027969321134307,0.0
control_2y20y,S30Y,hist_2023_03_08_to_2023_03_13,0.0,3.6552723172878387,0.0
control_2y20y,S30Y,hist_2023_07_31_to_2023_10_19,0.0,-15.213255803059766,-0.0
